filename,primary_label
synthetic_train_audio/1161364/0021d740f97b459ca0345e7b6ea5e367.wav,1161364
synthetic_train_audio/1161364/026f0e36171c403890f8fb7c26b35ebc.wav,1161364
synthetic_train_audio/1161364/0641bdd4a13e4407b97fdc42ac7e7566.wav,1161364
synthetic_train_audio/1161364/0701e70e4e884d4683b17148a65742b9.wav,1161364
synthetic_train_audio/1161364/099d39c0c3f84c12a52d9b4f5b5ae1f6.wav,1161364
synthetic_train_audio/1161364/1683acda37484b5abd4220e6ade75306.wav,1161364
synthetic_train_audio/1161364/21960f7cfec84f62b8cf875464c0e737.wav,1161364
synthetic_train_audio/1161364/2988fc394197442fa57f98f1432580f8.wav,1161364
synthetic_train_audio/1161364/2bf6b8009a4a46b58042f33cc7734a69.wav,1161364
synthetic_train_audio/1161364/2cc88cf8e5834d3f830c9381d3318735.wav,1161364
synthetic_train_audio/1161364/318711c7634c4f079b8b77011f9cb584.wav,1161364
synthetic_train_audio/1161364/346aa312cd584719b5fc422fa4d7ac39.wav,1161364
synthetic_train_audio/1161364/36b479d00ac6415d949eaabd07c94f3c.wav,1161364
synthetic_train_audio/1161364/36b4ecf560764d1598ed3acfc796bee8.wav,1161364
synthetic_train_audio/1161364/37555b92bb764eb390e6089ae36337cc.wav,1161364
synthetic_train_audio/1161364/3bc47b5dba6b485baa49eb3c4bf1ef64.wav,1161364
synthetic_train_audio/1161364/42908ff3112049f68c77088d35801955.wav,1161364
synthetic_train_audio/1161364/4733c028a4504b6992a30b3af637ab78.wav,1161364
synthetic_train_audio/1161364/4cb38925c8714718a0b1a073bda73bc9.wav,1161364
synthetic_train_audio/1161364/4f26508e25ce4a2ba9bd6dcaa6061be9.wav,1161364
synthetic_train_audio/1161364/4f49481d1aec486a9ad0239e349ace75.wav,1161364
synthetic_train_audio/1161364/4f9cc860da214e9b94620ccd761d76d3.wav,1161364
synthetic_train_audio/1161364/4fe80c14e52b4c968570ddfd3402a61e.wav,1161364
synthetic_train_audio/1161364/52869582b6ec4851bad11d40f1cecb0b.wav,1161364
synthetic_train_audio/1161364/53edfb24b3ab439b98e90e9524e383d9.wav,1161364
synthetic_train_audio/1161364/5a1f67702b0c428788475424f788b51f.wav,1161364
synthetic_train_audio/1161364/5a65d137567e4080b4e003100d3e8a4e.wav,1161364
synthetic_train_audio/1161364/5e2044634cc84e1282d7c4990a8c62da.wav,1161364
synthetic_train_audio/1161364/5f9a0735f28a4177976109c6ef408158.wav,1161364
synthetic_train_audio/1161364/6180e5f6a5bb4584b58a5826fdd78bf7.wav,1161364
synthetic_train_audio/1161364/631b8073168c4ff88978dd8a879b83ed.wav,1161364
synthetic_train_audio/1161364/6a3994d6e20049a29914b6b25494a138.wav,1161364
synthetic_train_audio/1161364/6b20379633da4ef6a6b5261656659ae1.wav,1161364
synthetic_train_audio/1161364/6e99d88e92ee4ff5a612de1fd6e29354.wav,1161364
synthetic_train_audio/1161364/71f1b229a47b48e99ea12c7cbd514f58.wav,1161364
synthetic_train_audio/1161364/72375d628fd54f3dab3434c1532b1ff2.wav,1161364
synthetic_train_audio/1161364/7356e604de5942da8247aaed3dec61c8.wav,1161364
synthetic_train_audio/1161364/73e5c12a5624440f9d17b602af6dfa3c.wav,1161364
synthetic_train_audio/1161364/7a7c19c767e744739c1273d622edbfa2.wav,1161364
synthetic_train_audio/1161364/7c7540fc7cc741aabe571475fbfc47f8.wav,1161364
synthetic_train_audio/1161364/7dfd0b6b3c71408dad5d1dd7cd20718f.wav,1161364
synthetic_train_audio/1161364/81af0a9fd58b479ca047b16afdc15f2d.wav,1161364
synthetic_train_audio/1161364/8345fcb59a6e41709b9180538d07d87e.wav,1161364
synthetic_train_audio/1161364/845181ebb14d42a3808ae051703813ec.wav,1161364
synthetic_train_audio/1161364/88c90e67214b4e5f97a2e3f0d4ed362b.wav,1161364
synthetic_train_audio/1161364/8b8e90a4dfbc478186ee700f600c9523.wav,1161364
synthetic_train_audio/1161364/8bac62970e0640ebb5db15e79a8f51e5.wav,1161364
synthetic_train_audio/1161364/8f0933ca1d6a4e5f9d0432084149144f.wav,1161364
synthetic_train_audio/1161364/9079cfc60e564ea5b98b23dcc459286d.wav,1161364
synthetic_train_audio/1161364/912a69f580f04e20af75b156ec548e3e.wav,1161364
synthetic_train_audio/1161364/9328a261e0574ae0897cd2172d58a3ce.wav,1161364
synthetic_train_audio/1161364/935d93c1842e4c9b9931c4a842181cd5.wav,1161364
synthetic_train_audio/1161364/9388767b3b11434ca14bace191367dc2.wav,1161364
synthetic_train_audio/1161364/943f1238a2d04330bb9ef11bf8066234.wav,1161364
synthetic_train_audio/1161364/96752594ea7342f0b74d60d9d737a399.wav,1161364
synthetic_train_audio/1161364/974325fb0ea440c7bdcf1bde66322437.wav,1161364
synthetic_train_audio/1161364/a058418262234030ab9a93a55bf8d137.wav,1161364
synthetic_train_audio/1161364/a0a134ffebd3480081edcde657a84e05.wav,1161364
synthetic_train_audio/1161364/a2cfb1cebc79419392a5d31de1df6055.wav,1161364
synthetic_train_audio/1161364/a8d7ccfc54124f2eb92cbd2b615dc6e6.wav,1161364
synthetic_train_audio/1161364/aaf400a567e94437a966525ef73db52c.wav,1161364
synthetic_train_audio/1161364/afabca14723047a98482c9ce27d23cfe.wav,1161364
synthetic_train_audio/1161364/b038bcb0da7747789dd80d4212261d19.wav,1161364
synthetic_train_audio/1161364/b3c3461c41a3420a9d527d4f448bb96c.wav,1161364
synthetic_train_audio/1161364/b45f4b1dae1743d199f53670bf0117ef.wav,1161364
synthetic_train_audio/1161364/b9d71eb015454a41821d2fff268cb32e.wav,1161364
synthetic_train_audio/1161364/be87fb56d0664d4d9db9f956496bfd78.wav,1161364
synthetic_train_audio/1161364/bf9084524030418bbe5702ce34ac9bba.wav,1161364
synthetic_train_audio/1161364/c069b418470649f8b11cbd86d73ac1b6.wav,1161364
synthetic_train_audio/1161364/c269c08a18da43409c3902ba847bcedd.wav,1161364
synthetic_train_audio/1161364/c418a967632640a6a0b0ef0c408552b7.wav,1161364
synthetic_train_audio/1161364/cab2a21f9ca944009dc96d578cf17b04.wav,1161364
synthetic_train_audio/1161364/cbc043d0d4554293a19530285acc255a.wav,1161364
synthetic_train_audio/1161364/cc8b2400f70c436eae9c60265ada7dab.wav,1161364
synthetic_train_audio/1161364/d0010bceb5254c9e978a496ddb9b33d4.wav,1161364
synthetic_train_audio/1161364/d92aad96bca64728b08dcce1b6e921c6.wav,1161364
synthetic_train_audio/1161364/d95581d168e94280829ce86c5551c485.wav,1161364
synthetic_train_audio/1161364/db4e368247e6412c943582e5523d1e39.wav,1161364
synthetic_train_audio/1161364/e102beb7e1304ef2b89c9ded91f39d78.wav,1161364
synthetic_train_audio/1161364/e2abfba51b314befb0af3968321c0f16.wav,1161364
synthetic_train_audio/1161364/e49aed562eda4cae81bed60862a596eb.wav,1161364
synthetic_train_audio/1161364/ec44a55260984efba66b97b0aef5f761.wav,1161364
synthetic_train_audio/1161364/ef2f8e63eaed43db9beda8eb33f1ee23.wav,1161364
synthetic_train_audio/1161364/f1917e466e4046fd900c61e2f6eef96e.wav,1161364
synthetic_train_audio/1161364/f7d90b638b1540679a035c565c23bec9.wav,1161364
synthetic_train_audio/1161364/fd2822f99fe945279a9d647611b48be8.wav,1161364
synthetic_train_audio/1161364/fde662bf69f64265b7577e196ef03fc6.wav,1161364
synthetic_train_audio/1161364/fe1d1adb32214744bd86eff28200f36d.wav,1161364
synthetic_train_audio/1161364/febd857359c84da482f8374676d98e37.wav,1161364
synthetic_train_audio/1161364/ff7c8f2ff6964742b90f4d5b007a2619.wav,1161364
synthetic_train_audio/1161364/ffcc5b2ee3594b1caf5963b584bc3b14.wav,1161364
synthetic_train_audio/116570/0010012a70c84aa3b8ecb34edd0e6f8c.wav,116570
synthetic_train_audio/116570/0042ebd328004891ad4b7eb6e779849f.wav,116570
synthetic_train_audio/116570/074889c744bb48c59813f3df701fd445.wav,116570
synthetic_train_audio/116570/097241d35ef84e8f8e5faeef537c3e87.wav,116570
synthetic_train_audio/116570/0f136bf8dc504c2e90e8b6c68f71c6f0.wav,116570
synthetic_train_audio/116570/112ee07a6b3840379117b46ef0344cc9.wav,116570
synthetic_train_audio/116570/11caa60e46144867ba172d84fe1ab39a.wav,116570
synthetic_train_audio/116570/15c4de96061149009deb700bb2ad1d5a.wav,116570
synthetic_train_audio/116570/19e3eeebfebb487a95fd00829406f6ea.wav,116570
synthetic_train_audio/116570/1e4ef21f814844259a6a3d58cbeb58e6.wav,116570
synthetic_train_audio/116570/283ca1adddb64d8aa611da334bc15986.wav,116570
synthetic_train_audio/116570/2a199bd6490544c1b904b42c541df77f.wav,116570
synthetic_train_audio/116570/2ec751489e674ed1ba74e295bdd3ff3b.wav,116570
synthetic_train_audio/116570/32e1d75c6bfd4e868901f7c2920d0dfc.wav,116570
synthetic_train_audio/116570/381b48bdad6241ec984a12110a24a97d.wav,116570
synthetic_train_audio/116570/3ae4707e834e49918b5f4cd8cc185528.wav,116570
synthetic_train_audio/116570/3cb5cf750a6e47b18266bf9afdadb302.wav,116570
synthetic_train_audio/116570/3f0e1335b7a845d69015c679fa1c9def.wav,116570
synthetic_train_audio/116570/3fec480e4c944e14a97718d6d790208c.wav,116570
synthetic_train_audio/116570/467401ef91304b0fa241ce13fdfc4348.wav,116570
synthetic_train_audio/116570/4749991d8ffb4a338ad322947a194f13.wav,116570
synthetic_train_audio/116570/49c1405dabdd41b6a57463e47af8d64e.wav,116570
synthetic_train_audio/116570/4b2a028cc8b6457883a1dcc68a730598.wav,116570
synthetic_train_audio/116570/50e53ad1c3934a7f8c6505c47ae16301.wav,116570
synthetic_train_audio/116570/5422305d4a12493bbcbd1cdf2c83957c.wav,116570
synthetic_train_audio/116570/5971e59af0aa429baa4ff448df2cb735.wav,116570
synthetic_train_audio/116570/597bf4e4b77e4eb3b0df09590f1d9466.wav,116570
synthetic_train_audio/116570/5bfd9ba01a0046fdb84166b98c43f6e0.wav,116570
synthetic_train_audio/116570/5d2790ea59264d6e9c56435d275a35df.wav,116570
synthetic_train_audio/116570/5dc6943af5ba4b20a4e748102a809913.wav,116570
synthetic_train_audio/116570/5dce51c4c776408aa6b39413232009a8.wav,116570
synthetic_train_audio/116570/5e931e1a0ae14e22917f88cfb7e58590.wav,116570
synthetic_train_audio/116570/5ebc055abd2644109f03b4cc28cf7c3e.wav,116570
synthetic_train_audio/116570/5eca0e699cb745508679f782835a9034.wav,116570
synthetic_train_audio/116570/5f6c3b58cf5a4b0ab22d5ba6013c8828.wav,116570
synthetic_train_audio/116570/63d0a6cad0ad4dfd8d4a96243b8638e5.wav,116570
synthetic_train_audio/116570/6a060eb1f99d4fe2bc91433285cc326d.wav,116570
synthetic_train_audio/116570/6ca55dca3bcc458f809a9b54ea03bc8a.wav,116570
synthetic_train_audio/116570/70972fdad757461aa3e0fc7e55917822.wav,116570
synthetic_train_audio/116570/72be5b3fe8b044018dfa18bd2bc7a0ca.wav,116570
synthetic_train_audio/116570/733ce591aee64a6fbf14eff978ea9a73.wav,116570
synthetic_train_audio/116570/76a1440089ff4164a97977b93f1a59ea.wav,116570
synthetic_train_audio/116570/7823d85ab9494f24ae0b1939d079c07c.wav,116570
synthetic_train_audio/116570/782cac792a8c4d60a60368174aafc144.wav,116570
synthetic_train_audio/116570/7839e7a2f71742688150af2b75ddc121.wav,116570
synthetic_train_audio/116570/7b9a0ee809ac4df196a8885065a63fd1.wav,116570
synthetic_train_audio/116570/7c9f80318d7442a78824d469f82adfa4.wav,116570
synthetic_train_audio/116570/80874f43f41b47a7ba883c097793ddd6.wav,116570
synthetic_train_audio/116570/81c1f3dd014e4d54afdd42c0051ac83d.wav,116570
synthetic_train_audio/116570/844455f78fdb4ec7b649c8e0d978aeb1.wav,116570
synthetic_train_audio/116570/89d4a77b9a064fb8a0d70a48acad7247.wav,116570
synthetic_train_audio/116570/8c6a4c36e49143db88119dfcb5e22dc1.wav,116570
synthetic_train_audio/116570/91310074cbfe44e3aa132013d2583409.wav,116570
synthetic_train_audio/116570/91dd5480d1294c70ac22e96120febd4c.wav,116570
synthetic_train_audio/116570/936f22e3c71c4b82a76527519aabaa66.wav,116570
synthetic_train_audio/116570/9974d7e3df6c4fafab0ff651d462f750.wav,116570
synthetic_train_audio/116570/9c18a2793ba0471d8f49dc05dafb1b89.wav,116570
synthetic_train_audio/116570/9cd0f64d3b0246a58828c06aa37533d6.wav,116570
synthetic_train_audio/116570/a04ac6a16cf24056b4429237daf8f1fc.wav,116570
synthetic_train_audio/116570/a136bb8fdf0a41e5b94d7d49de9882b0.wav,116570
synthetic_train_audio/116570/a79ab2c1a7214262af54a2f94b475132.wav,116570
synthetic_train_audio/116570/a7bb5e934f554754a3d88d75cf63b8e9.wav,116570
synthetic_train_audio/116570/a8ada8e2aee4459d95c9db67a968d7c3.wav,116570
synthetic_train_audio/116570/acdeca60ec30404488dc9d1d983e3173.wav,116570
synthetic_train_audio/116570/afc96014adc4464f92fdfbed71b0cf30.wav,116570
synthetic_train_audio/116570/b038a423aea3435f86e97154b4505171.wav,116570
synthetic_train_audio/116570/b200906835b049ccbad9dc8510871b6e.wav,116570
synthetic_train_audio/116570/b234767f66e14a57a113573d62451e1b.wav,116570
synthetic_train_audio/116570/b70dc6b6c4b74408852db52364a8497d.wav,116570
synthetic_train_audio/116570/bbdbb109bae04deaaaba64c4a4f19752.wav,116570
synthetic_train_audio/116570/bf279132566347fc9f3856462f81c6ee.wav,116570
synthetic_train_audio/116570/bf469c1c296a48c0984ed546c9347317.wav,116570
synthetic_train_audio/116570/bf4a0e32c93d4d50a763815c7b3b58cb.wav,116570
synthetic_train_audio/116570/c01b17ba325e4573a5a5962250263342.wav,116570
synthetic_train_audio/116570/c386aa7b2b6541d5bfba078c38b5628c.wav,116570
synthetic_train_audio/116570/c702c68f51254244b860d799272115fb.wav,116570
synthetic_train_audio/116570/c99d19ca3d184fab86d345c3b85e7c42.wav,116570
synthetic_train_audio/116570/cb7201a25c9d4ec2bfc7bbb5eef4d14f.wav,116570
synthetic_train_audio/116570/cc04d906f31e439bb0aca325affaaf52.wav,116570
synthetic_train_audio/116570/cc8de4f183b74c92bbfe00c6ac0233a2.wav,116570
synthetic_train_audio/116570/ccb1d5bff86045e1a5b0e6d3d1901cb3.wav,116570
synthetic_train_audio/116570/d0fcda64816d4ef4ba45135a0b82ca33.wav,116570
synthetic_train_audio/116570/d4604e9a3d90404990143cde41eb4693.wav,116570
synthetic_train_audio/116570/d990c26518974700b8b3f0cd6ac8d0cb.wav,116570
synthetic_train_audio/116570/da3ae39447294582be926ebf99629ef5.wav,116570
synthetic_train_audio/116570/dba733c4887149c3bbd0e04af4f3437d.wav,116570
synthetic_train_audio/116570/dc0247f75ccb44a599a23620edbff8d5.wav,116570
synthetic_train_audio/116570/dd349a7d31bd4fffbdc5ef66e2b11adc.wav,116570
synthetic_train_audio/116570/de1e5adfc8cf42d6aa01ba5006d7f9e7.wav,116570
synthetic_train_audio/116570/e0e2f37965db433c96440c4ae284ecab.wav,116570
synthetic_train_audio/116570/e6138c305b084c668f5e1a986034433c.wav,116570
synthetic_train_audio/116570/ecb7ef25b17d442db4caf980db2df515.wav,116570
synthetic_train_audio/116570/eec8f8c5248c4e92a7d2f8bea5f5e461.wav,116570
synthetic_train_audio/116570/ef6abcee0b7446ef9f299c610e27a2c3.wav,116570
synthetic_train_audio/116570/f0ca812625274ef0a62e8105a1f633b3.wav,116570
synthetic_train_audio/116570/f205275df2014c17a66b35af45b1d828.wav,116570
synthetic_train_audio/116570/f8d3e55f72b34006a9425aa29bd4b06f.wav,116570
synthetic_train_audio/116570/fba72f107f7b41eba195ed6f08fea987.wav,116570
synthetic_train_audio/116570/fe1da62d6b7442e29217a89ca0a0042e.wav,116570
synthetic_train_audio/116570/ffff198235a149e586b94756c305c9fa.wav,116570
synthetic_train_audio/1176823/008a4f5e0b134ac7b28078e4d11afd9f.wav,1176823
synthetic_train_audio/1176823/0665418cc36b4d999d454bd8226433b9.wav,1176823
synthetic_train_audio/1176823/06ed0fde23754f2583949abea5f577e5.wav,1176823
synthetic_train_audio/1176823/0777115599a14a03b9d521300f03a00e.wav,1176823
synthetic_train_audio/1176823/0be66ea1228e40fa8b979194b33cce2b.wav,1176823
synthetic_train_audio/1176823/1477f5d3565b4ffd860efb315cd96ec3.wav,1176823
synthetic_train_audio/1176823/1a3cc6b0919b444fb0eee8b52b5e5612.wav,1176823
synthetic_train_audio/1176823/1b2f7b48c4cb4158a918a6ebd339e1fe.wav,1176823
synthetic_train_audio/1176823/1d897405e347436aa9b5235a29c1503a.wav,1176823
synthetic_train_audio/1176823/21d00e232c664ba7b88c25e3b6609818.wav,1176823
synthetic_train_audio/1176823/2680947126894187946a34440c960d5d.wav,1176823
synthetic_train_audio/1176823/28299bcacae8473da5ee66113cd06e9b.wav,1176823
synthetic_train_audio/1176823/29be6590b6c2482aa77cb56353446946.wav,1176823
synthetic_train_audio/1176823/2beebe167de044e19b38448c1f041aa8.wav,1176823
synthetic_train_audio/1176823/2d926b9a1be546af93b87fb96ed9b802.wav,1176823
synthetic_train_audio/1176823/2f99f747ff4740a9b963ef560beb483d.wav,1176823
synthetic_train_audio/1176823/30c7dac0108044848a7cef3c5e40e1c6.wav,1176823
synthetic_train_audio/1176823/32bfd862b4924dbaa2977907a6ba7f89.wav,1176823
synthetic_train_audio/1176823/35a40eb5e68245e78d76b4f2fa872bf5.wav,1176823
synthetic_train_audio/1176823/3819503dd7714deeb90c0e5adbf2a0a0.wav,1176823
synthetic_train_audio/1176823/3930d27c251d42fdae2afad742ff985a.wav,1176823
synthetic_train_audio/1176823/4296707a0b8e49708048ba9c112144d8.wav,1176823
synthetic_train_audio/1176823/4366381514ca44f28cb338dce1521be8.wav,1176823
synthetic_train_audio/1176823/43d28bec61cf47b293c96529e0e14410.wav,1176823
synthetic_train_audio/1176823/4fdb115ec2584698a8cffcfee3d48930.wav,1176823
synthetic_train_audio/1176823/544aee7e33ee43e9b404b93de9298886.wav,1176823
synthetic_train_audio/1176823/589d30023215483d97d56567c44d15c3.wav,1176823
synthetic_train_audio/1176823/58db087435654aedab1f8cf55c7ebbf6.wav,1176823
synthetic_train_audio/1176823/59c0a6e1ec034d49b8a3edeab03bee61.wav,1176823
synthetic_train_audio/1176823/69df25d3d1cb439ca0c8bdaa357ec42b.wav,1176823
synthetic_train_audio/1176823/6a645f5c6ea44e17998184de2660c51e.wav,1176823
synthetic_train_audio/1176823/6b7966868f664853997cbf1a9a4dff30.wav,1176823
synthetic_train_audio/1176823/6f8b2167850945999462f86287cdd221.wav,1176823
synthetic_train_audio/1176823/71265648d7a24ccf9dd08f38d64225d9.wav,1176823
synthetic_train_audio/1176823/7c7d30e8810446e3a6a43d45ba9528c5.wav,1176823
synthetic_train_audio/1176823/7cc7325e2ebf47a0a8b54c3de343b70b.wav,1176823
synthetic_train_audio/1176823/7e00a079c880455b95617232d64760b2.wav,1176823
synthetic_train_audio/1176823/80961064530840059bd40c9a8623a55f.wav,1176823
synthetic_train_audio/1176823/8320259b3a5f41519b2718e14fa25ec9.wav,1176823
synthetic_train_audio/1176823/83bb9d869d014b378ced000154706577.wav,1176823
synthetic_train_audio/1176823/840c91f7c07148fcb5a44ba8426a5455.wav,1176823
synthetic_train_audio/1176823/842163f8bf914956830237e984b1e3c0.wav,1176823
synthetic_train_audio/1176823/8a764d3d3c0a4df382619e08e5226cef.wav,1176823
synthetic_train_audio/1176823/8b1abf7ed9c2410a84a1e44e32840f3a.wav,1176823
synthetic_train_audio/1176823/8c55823e441c47a396996ca9127cfe7d.wav,1176823
synthetic_train_audio/1176823/8f92e717ba374cc9a25b83a2d5edf206.wav,1176823
synthetic_train_audio/1176823/91bb6d4c03e6448e9d0dff2171d7af35.wav,1176823
synthetic_train_audio/1176823/934d18ed572046e3ba1ba56d864b1e45.wav,1176823
synthetic_train_audio/1176823/9444a1d80a9a4738aaba94d51732176b.wav,1176823
synthetic_train_audio/1176823/989f03ec17594115bed31f7bab707fff.wav,1176823
synthetic_train_audio/1176823/99a1038dca4148889fba1a43189d5be1.wav,1176823
synthetic_train_audio/1176823/9a399226fda54ca78490820d741ed159.wav,1176823
synthetic_train_audio/1176823/a240da9f3df1448a9c5582abf614076d.wav,1176823
synthetic_train_audio/1176823/a2928ec490b04d25b4f730190a175ab5.wav,1176823
synthetic_train_audio/1176823/a44b5c48d46b469dbd6eda066149878b.wav,1176823
synthetic_train_audio/1176823/a4612cb8f8f74873b553f0e144034ce0.wav,1176823
synthetic_train_audio/1176823/a6a62c583033434abbcb7f73ba966a72.wav,1176823
synthetic_train_audio/1176823/a74d4909e7de49339f8d5abd0b9a3256.wav,1176823
synthetic_train_audio/1176823/a86fbd29d9354335925847ae65957f27.wav,1176823
synthetic_train_audio/1176823/a8f65a97801f4ed0be2932071406ae61.wav,1176823
synthetic_train_audio/1176823/aade90acae76442a876ed4d2aa32dc72.wav,1176823
synthetic_train_audio/1176823/ace2c954d9584560aafe093e680f62ce.wav,1176823
synthetic_train_audio/1176823/b00bccebe1c749388d24ed6ba9ba3832.wav,1176823
synthetic_train_audio/1176823/b8723cc9521a43279b18e9bc1438f7f0.wav,1176823
synthetic_train_audio/1176823/ba2460bf25704593a6a292246f0c97f3.wav,1176823
synthetic_train_audio/1176823/bacb88c14ebe476ea5f7de7f1ca121a6.wav,1176823
synthetic_train_audio/1176823/bb41bb4b3f1040c4a7a1e3c260b7eff3.wav,1176823
synthetic_train_audio/1176823/bc45f22a33d545fa9ecfa267c8569cb0.wav,1176823
synthetic_train_audio/1176823/bc7251a9b6154b02a95c1c2ef17bce3e.wav,1176823
synthetic_train_audio/1176823/bd81cbbded774053a74938daaa02a052.wav,1176823
synthetic_train_audio/1176823/be97f9c85f0a4d51a9e446370c998c96.wav,1176823
synthetic_train_audio/1176823/c05701ae3af648a5a366853ff28f609a.wav,1176823
synthetic_train_audio/1176823/c2c4de89551a4f2c8a413a0a2553733a.wav,1176823
synthetic_train_audio/1176823/c7af737d3d4b4823bf387ac9b08a47cd.wav,1176823
synthetic_train_audio/1176823/d1b249bb60a348ed8e979c3b9fa2770d.wav,1176823
synthetic_train_audio/1176823/d5f83376db7440408b74a99d7016e144.wav,1176823
synthetic_train_audio/1176823/d6e221d2ee2745aeacfa2bcb6b816da6.wav,1176823
synthetic_train_audio/1176823/da08d4f504f14519895acf9b93e7365c.wav,1176823
synthetic_train_audio/1176823/da4253f5b580408a86bb328200e4b239.wav,1176823
synthetic_train_audio/1176823/db2d1c523b134e8f9c52f4353a73b907.wav,1176823
synthetic_train_audio/1176823/dbecb62993654d02a4f841deeb75ff9d.wav,1176823
synthetic_train_audio/1176823/e9992e6f33ae49798d8190284dddbe6a.wav,1176823
synthetic_train_audio/1176823/e9fe5dc825a946d39ac89377132fbac8.wav,1176823
synthetic_train_audio/1176823/eaf29e45fb064f9397f8850dc4feaff3.wav,1176823
synthetic_train_audio/1176823/f5813880ddf942bb844fb1cc6b3b5096.wav,1176823
synthetic_train_audio/1176823/f6d2c7d998d44c32a3f834405bc93024.wav,1176823
synthetic_train_audio/1176823/f93a8c6988bc42968c044848de71c6b0.wav,1176823
synthetic_train_audio/1176823/fd191052d12b45de86201040e8c5a513.wav,1176823
synthetic_train_audio/1176823/fd2b405445ed4d0392ba56e24265a808.wav,1176823
synthetic_train_audio/1176823/fd444afd99104b74a844bc46cde616c7.wav,1176823
synthetic_train_audio/1595929/0403cdd8f4634eefa5e32ce2986e7b59.wav,1595929
synthetic_train_audio/1595929/04731ddc7f1c427980140b13f59c32d4.wav,1595929
synthetic_train_audio/1595929/09cdf5726636483489602457e0171770.wav,1595929
synthetic_train_audio/1595929/0d800fcd637a453196f559cbab48c6f3.wav,1595929
synthetic_train_audio/1595929/11671f066d9241e9b4782ca35be7cc4d.wav,1595929
synthetic_train_audio/1595929/147b6d0a6e574a4db951793d3c8b2dc9.wav,1595929
synthetic_train_audio/1595929/14d2b837bf52422983a454eb9bd127a4.wav,1595929
synthetic_train_audio/1595929/17a02c36b3c649c1a1e0c5c78a2226ec.wav,1595929
synthetic_train_audio/1595929/1f3f2c98422d4d0296e849c810bc1687.wav,1595929
synthetic_train_audio/1595929/279e04d2fec943d69722b80e983eda62.wav,1595929
synthetic_train_audio/1595929/2b71ba80844e45d5b6ac497981b4fc8d.wav,1595929
synthetic_train_audio/1595929/2ba54f16895c4e31a64414d248cc9d53.wav,1595929
synthetic_train_audio/1595929/3446b4c06c1e4d7eb8f72248a15db42d.wav,1595929
synthetic_train_audio/1595929/3448df8509eb4a46a4220bbec4316509.wav,1595929
synthetic_train_audio/1595929/368db99ea44f4d8db9a91df3c299c27b.wav,1595929
synthetic_train_audio/1595929/36fe374ec7b745fcae98246c4bc01903.wav,1595929
synthetic_train_audio/1595929/39904a2364c24ab5b484aeab1985471b.wav,1595929
synthetic_train_audio/1595929/3a8e40a1786d4ff1a4d43997230795f2.wav,1595929
synthetic_train_audio/1595929/3d59c9b81f5f4bfa8b669129b5a926cf.wav,1595929
synthetic_train_audio/1595929/3ecabc3fe8f24d16be56d3889752d0d0.wav,1595929
synthetic_train_audio/1595929/42ecb2dd54144f09a29a7ef463367c51.wav,1595929
synthetic_train_audio/1595929/4695c7b07b9049d1a19f58c45519209d.wav,1595929
synthetic_train_audio/1595929/46b27e061e5d43f4a72c317e90dc352e.wav,1595929
synthetic_train_audio/1595929/48a58a3a40df490d96a5b589e13b2f2c.wav,1595929
synthetic_train_audio/1595929/49e7c00278d7478e88d4c851702b1764.wav,1595929
synthetic_train_audio/1595929/4dce24525f8245afbde2ea6cdb78fc64.wav,1595929
synthetic_train_audio/1595929/4fe8c0a7b9464f8f83b2e933f547022f.wav,1595929
synthetic_train_audio/1595929/4fff98e2dfc147aea6fa043b012993cf.wav,1595929
synthetic_train_audio/1595929/53b44f499b194b7a94e418aaa6658249.wav,1595929
synthetic_train_audio/1595929/5404923c3e174cac905fded6de83aac0.wav,1595929
synthetic_train_audio/1595929/570b9ee463ad44a4b13dcee586780926.wav,1595929
synthetic_train_audio/1595929/59f85f9f09df4856a7be4bbe83b88512.wav,1595929
synthetic_train_audio/1595929/63ac0efc1609425bb77c86a963260be6.wav,1595929
synthetic_train_audio/1595929/653cf59e68764323856528ad3e35c7ba.wav,1595929
synthetic_train_audio/1595929/66e3c4de7aee43d49d74b2cf86e9e919.wav,1595929
synthetic_train_audio/1595929/6891480c6e8e42458ed8301f3b3da2f8.wav,1595929
synthetic_train_audio/1595929/69cf6916b5184a3385543fea7f23b276.wav,1595929
synthetic_train_audio/1595929/76e052c3260f4c7ab9574f8268e6b78a.wav,1595929
synthetic_train_audio/1595929/791166518186418aa2f6055936472815.wav,1595929
synthetic_train_audio/1595929/793c1c09d5fd4848bc0070424956fb59.wav,1595929
synthetic_train_audio/1595929/79c4c5d0ed014c66be6183ab7bcecedc.wav,1595929
synthetic_train_audio/1595929/7ac0f517fbaf417e9cd2e31a024180a3.wav,1595929
synthetic_train_audio/1595929/8049c9bdb7ec483583cf8c0ac94c0870.wav,1595929
synthetic_train_audio/1595929/80a82a5b514f4357af382c485ca55c39.wav,1595929
synthetic_train_audio/1595929/81bf12c7f7764045bc95fa48f54679b9.wav,1595929
synthetic_train_audio/1595929/89c44bbc511a422f931e4b8b4cbf1729.wav,1595929
synthetic_train_audio/1595929/8f6d3313be8647e6a8004475d41059ee.wav,1595929
synthetic_train_audio/1595929/8fc5f894e563469e91b05fddd2b2b90d.wav,1595929
synthetic_train_audio/1595929/914950c72500415b9830fc7079ea9e7c.wav,1595929
synthetic_train_audio/1595929/949c56baf35a49c0bf1c3fb2433bbe4b.wav,1595929
synthetic_train_audio/1595929/97cf4a2766504266b496dd653afa5c94.wav,1595929
synthetic_train_audio/1595929/98ea4718662f47b0a678f086dbb9a158.wav,1595929
synthetic_train_audio/1595929/9ab0d3a6383444ab8d82c381a211ea1c.wav,1595929
synthetic_train_audio/1595929/9d1425f6cc374420b50e09b2eb33b057.wav,1595929
synthetic_train_audio/1595929/9d42fcb598bc4556b79d858640cf5cb2.wav,1595929
synthetic_train_audio/1595929/9eb5161e36aa415f83c7441bf1cc2701.wav,1595929
synthetic_train_audio/1595929/a65bbd2a78f04456a2e907b5bdaa5c2b.wav,1595929
synthetic_train_audio/1595929/a679917916d844b4835046d2c45f781b.wav,1595929
synthetic_train_audio/1595929/a90c0e29032449b9bba49d13fdf540eb.wav,1595929
synthetic_train_audio/1595929/acb8afbfa24c4bb0aa3d05e575aed536.wav,1595929
synthetic_train_audio/1595929/b6d7d384c07f49948efdad8ead448b22.wav,1595929
synthetic_train_audio/1595929/b7a0840f7e15473b90ceb97192a0f31b.wav,1595929
synthetic_train_audio/1595929/bc60630e2a2c4f17b57a94908a36a489.wav,1595929
synthetic_train_audio/1595929/bf510a3fab404bba88423d07534a7e46.wav,1595929
synthetic_train_audio/1595929/bf752fa6c82a4460b64897701a4deb0b.wav,1595929
synthetic_train_audio/1595929/c1258edff71246ef9dee78cb2ac09b02.wav,1595929
synthetic_train_audio/1595929/c1a7600db5414f7f8424c0e212efa372.wav,1595929
synthetic_train_audio/1595929/c2277eaab4844ed98b5770733d42c693.wav,1595929
synthetic_train_audio/1595929/c2589f1a6462414482418a5539dd346e.wav,1595929
synthetic_train_audio/1595929/c4ca04ddb01e4dd6bd1b2d015925364b.wav,1595929
synthetic_train_audio/1595929/c55783e0679e43338f7b8845a7b038b4.wav,1595929
synthetic_train_audio/1595929/c93c05d645e442eb8c287990469995e3.wav,1595929
synthetic_train_audio/1595929/c941c1e363f6425f9a77de18d61db083.wav,1595929
synthetic_train_audio/1595929/cb504e225604431aafac58160552ff37.wav,1595929
synthetic_train_audio/1595929/cba8bdbecc42451bae97382da78497b4.wav,1595929
synthetic_train_audio/1595929/cc94c9f0f9994f2ebd04b45cbcf5d4f7.wav,1595929
synthetic_train_audio/1595929/cf1c22fb0c0f45958e97a2034bcb08f8.wav,1595929
synthetic_train_audio/1595929/cf3c8555ad02425aa83997eaf58ccd4c.wav,1595929
synthetic_train_audio/1595929/d9d4f136f99347d6bd283de781e83958.wav,1595929
synthetic_train_audio/1595929/dadf9258c0e04613b3871b12b0bdcd92.wav,1595929
synthetic_train_audio/1595929/dc4936ab852c472fa9e64482bdcc1ab9.wav,1595929
synthetic_train_audio/1595929/e35430468aac487195c84ec61f8e6b17.wav,1595929
synthetic_train_audio/1595929/e370e13f5ff643e19fb25288c0259dc9.wav,1595929
synthetic_train_audio/1595929/e48a1dd5588d4b718ee1422fdaa07110.wav,1595929
synthetic_train_audio/1595929/e51d994132054e66938cc4b5c0606702.wav,1595929
synthetic_train_audio/1595929/e554a078c4ee43939495961a8b2e8631.wav,1595929
synthetic_train_audio/1595929/e703888f05bd4f3bbb12c9eea416d5b6.wav,1595929
synthetic_train_audio/1595929/e838ffce3afe49c8aeb3ef899d8db36b.wav,1595929
synthetic_train_audio/1595929/e9e21a06c9a24e038a36eba0f41b5431.wav,1595929
synthetic_train_audio/1595929/eb4a88805f4e4de781a08800e8b76dfe.wav,1595929
synthetic_train_audio/1595929/edc70cdc5f924004a2dea27eab2a46e5.wav,1595929
synthetic_train_audio/1595929/f308290bf0f742cb8264a097d69359e9.wav,1595929
synthetic_train_audio/1595929/f51f35ceb5d94ec795753e2e12ec1051.wav,1595929
synthetic_train_audio/1595929/f8a1f0bea64446a6a0c5bf9481dfec0c.wav,1595929
synthetic_train_audio/1595929/f99ef5ed8bbc41c0b25d86221a0ac9ed.wav,1595929
synthetic_train_audio/1595929/fb397f5991774e6da161d6504d9f94ac.wav,1595929
synthetic_train_audio/209233/03da63688b5e4a1e85b930e25518a04d.wav,209233
synthetic_train_audio/209233/04f2409fb18e4381b6b042d2197c23cc.wav,209233
synthetic_train_audio/209233/10e4d65f2be24b2bb6aa78159f44329d.wav,209233
synthetic_train_audio/209233/170f9c086e58465eb784087febec06a4.wav,209233
synthetic_train_audio/209233/19e8b0d203174188b743ea58b1affb0a.wav,209233
synthetic_train_audio/209233/1f00b695db8c4258a338425ee7f1ee1d.wav,209233
synthetic_train_audio/209233/211393019db24e0a87b90ab2f6e90a17.wav,209233
synthetic_train_audio/209233/218de2f91b73402fb5070648e7b00eef.wav,209233
synthetic_train_audio/209233/21b67b4c570348e28340bb947b3d4827.wav,209233
synthetic_train_audio/209233/221317920bb54a64b4c5785eae0470f4.wav,209233
synthetic_train_audio/209233/250f1103b2f14cdc98ec35dd84e8b543.wav,209233
synthetic_train_audio/209233/25cffe1f647749739cf8cd9e4be3d8fc.wav,209233
synthetic_train_audio/209233/26bf93fc9e1f402db9a4f0fafa69f579.wav,209233
synthetic_train_audio/209233/2a0e6c351673456aa42a189512ee1bba.wav,209233
synthetic_train_audio/209233/2a3f760d9e9a4d7abd0e109e380c3de1.wav,209233
synthetic_train_audio/209233/2d4791a03e6a4ae4af4bdead3a64d1c6.wav,209233
synthetic_train_audio/209233/2f5e79794b914c348a92c2287242f08c.wav,209233
synthetic_train_audio/209233/31b1bae1d52d450fbcd1517875db2f68.wav,209233
synthetic_train_audio/209233/325d27fa0be54bc6a0c0b11d4a28309a.wav,209233
synthetic_train_audio/209233/337b1a93ad2f43f998e7e038c1a9b356.wav,209233
synthetic_train_audio/209233/358f6f2c8f9b4a52a221a17b4683066a.wav,209233
synthetic_train_audio/209233/36f93dbe8e2f49a4b47f25fd3e9671e3.wav,209233
synthetic_train_audio/209233/3900fed959f24b4e96f7d54cec2027b1.wav,209233
synthetic_train_audio/209233/3b6b18b936ee49f9a9ef996d520ea2ee.wav,209233
synthetic_train_audio/209233/3b6bd0add09f470e9d1f320eb9143874.wav,209233
synthetic_train_audio/209233/3b966cb602884aa8ba12987b5be8188e.wav,209233
synthetic_train_audio/209233/41ae9da6b5e040d180ddbd6d0f17f9f9.wav,209233
synthetic_train_audio/209233/42c472b051bf4b34902d8b2b16236ae7.wav,209233
synthetic_train_audio/209233/498505df93fc42ea9cb0b6bc1c04f20e.wav,209233
synthetic_train_audio/209233/4a5289b840594af392ce81bf292bf53f.wav,209233
synthetic_train_audio/209233/4f57aa280abb44759bcf1a47400cf5d1.wav,209233
synthetic_train_audio/209233/4f5a30fc41e841aba74c2fbc505ac9c6.wav,209233
synthetic_train_audio/209233/50a0a36406f44e708b567030c84a18a8.wav,209233
synthetic_train_audio/209233/5347691e7b6446df843415ccaaff165d.wav,209233
synthetic_train_audio/209233/559d3e65462f43e2a22fe6357b12b7f5.wav,209233
synthetic_train_audio/209233/568769db2463497281bc40433d5fdfef.wav,209233
synthetic_train_audio/209233/580118c413e84feaafb66f749224f2a0.wav,209233
synthetic_train_audio/209233/60543eb789f642d9880f3ee211f9565d.wav,209233
synthetic_train_audio/209233/62b0ff169fb8408c8ec71619c76aa2e4.wav,209233
synthetic_train_audio/209233/63e03ed4f28c4daeaf67055d284aaa48.wav,209233
synthetic_train_audio/209233/709fc7f3ee3543de8f4919b6e28375c3.wav,209233
synthetic_train_audio/209233/7291f70b33eb40fa82e766abe65273c4.wav,209233
synthetic_train_audio/209233/7adb8a85d72246fa98dc9acf790058cc.wav,209233
synthetic_train_audio/209233/7ccdf03a46e743698969d14c11ced21e.wav,209233
synthetic_train_audio/209233/7f9fb9958eb5477db1cedd8bf0110fff.wav,209233
synthetic_train_audio/209233/84f389c7b2aa4d018872a59f0da6ce70.wav,209233
synthetic_train_audio/209233/8f4d5fc5fd454720aaeaf1840141037d.wav,209233
synthetic_train_audio/209233/90120451b1d545a3a3e604a168549898.wav,209233
synthetic_train_audio/209233/923ff0f4fdcf42d4aed35fef9b427e5a.wav,209233
synthetic_train_audio/209233/9272d880ad5c434399832ffa17a8ed2d.wav,209233
synthetic_train_audio/209233/94a3f660fc00422ab68a9dab08cf0db6.wav,209233
synthetic_train_audio/209233/9594d791f0254f629a3011ca238f5b55.wav,209233
synthetic_train_audio/209233/9657c54da7ee45b9b2cc0bd0bc731ebb.wav,209233
synthetic_train_audio/209233/9775dcb4f3d94b35bb6d96919163ad37.wav,209233
synthetic_train_audio/209233/9ac8f6feaf9b4c4f96a7a26f3206798e.wav,209233
synthetic_train_audio/209233/9c43b587fe984f5daae5e2cee497f2f8.wav,209233
synthetic_train_audio/209233/a4912333e4794714a510f3b1fb1f5371.wav,209233
synthetic_train_audio/209233/a674030f50c44a1a99a463e48e0bdcde.wav,209233
synthetic_train_audio/209233/a7097a21a42c41d997cd5727430cfc95.wav,209233
synthetic_train_audio/209233/a9ab6f5215ef4b66bbf1875e757c95f8.wav,209233
synthetic_train_audio/209233/aa0824325bc345778b315df449eadaa4.wav,209233
synthetic_train_audio/209233/aa6821f5f04d467899d1be0a843fd866.wav,209233
synthetic_train_audio/209233/ac9bc7979756498cbc03e5affc0ade2e.wav,209233
synthetic_train_audio/209233/b51ec94d727345f0965321cddde0be16.wav,209233
synthetic_train_audio/209233/b69d1ecb2447431c8454014394376808.wav,209233
synthetic_train_audio/209233/b8a48018a22c4bca90378fd5a7f6c893.wav,209233
synthetic_train_audio/209233/b98096da00ea4734b518d1224cac54f1.wav,209233
synthetic_train_audio/209233/be1882e8e9d948148ea96253a43f7e5a.wav,209233
synthetic_train_audio/209233/c06cf1db1f244a72a075402496d963e2.wav,209233
synthetic_train_audio/209233/c2ee220f45f74eedbfce8c1eee407453.wav,209233
synthetic_train_audio/209233/c4d23a4088504909bec914b07a489b1d.wav,209233
synthetic_train_audio/209233/c5a2ae45db7a41f8bb3e99ad48d29ee8.wav,209233
synthetic_train_audio/209233/c6b42a7a74454f13b5377828295cdfa9.wav,209233
synthetic_train_audio/209233/c7f9e499f1af4126918bb49a7eceda46.wav,209233
synthetic_train_audio/209233/cf6b4a51ae054769a37bd4f16a5188d3.wav,209233
synthetic_train_audio/209233/d2732f6497ba444d9f10f39a0e9d2019.wav,209233
synthetic_train_audio/209233/d6861a3ce4f44fd88777ff4a57e4a223.wav,209233
synthetic_train_audio/209233/d87f426aac4145e98b4075eddf5dbf6e.wav,209233
synthetic_train_audio/209233/d99b30b94c984c58abeed9ca23473e72.wav,209233
synthetic_train_audio/209233/d9e37bf5e92c40ed9ebfbbe3ec7c4789.wav,209233
synthetic_train_audio/209233/dbf4efc1aa0448a3871ed0be2a687923.wav,209233
synthetic_train_audio/209233/ddf45f54f5d044f79946eceeb600d915.wav,209233
synthetic_train_audio/209233/e4182131150e4b7cb15675c3be12c5dc.wav,209233
synthetic_train_audio/209233/e4893d895ee3491392d7e44161147417.wav,209233
synthetic_train_audio/209233/e4dbef20e29a4116a6738f19f25b2c45.wav,209233
synthetic_train_audio/209233/e5aa5b68683347ed9e46f7f60b33bb80.wav,209233
synthetic_train_audio/209233/e5f9dcdc0e7549d6976ae7b8044c43c1.wav,209233
synthetic_train_audio/209233/e8572741e2954bedb61f7cc2c145d52d.wav,209233
synthetic_train_audio/209233/e94899cd15a244fd92fe1aaba7c8a69e.wav,209233
synthetic_train_audio/209233/ea58816952d147adb05d17f70ff0749b.wav,209233
synthetic_train_audio/209233/ee6cd88da77d4f35a935b345fe2bd4ac.wav,209233
synthetic_train_audio/209233/ee702c2bf75040fab699eeb741e74c71.wav,209233
synthetic_train_audio/209233/f05ac95a045e40d882966bccdef70e63.wav,209233
synthetic_train_audio/209233/f63681f1b63541f597196b97b65c3a5f.wav,209233
synthetic_train_audio/209233/fa0d56cf8bc3414e81e6354768b0e9d5.wav,209233
synthetic_train_audio/209233/fb25575008ae4c28bdf7608ccf56950d.wav,209233
synthetic_train_audio/209233/fd66afd9c15940798ea0b71bca466452.wav,209233
synthetic_train_audio/209233/fe084db97ee441e399a27056e5171cba.wav,209233
synthetic_train_audio/22930/02aeb5f41c634c7991495ee7a69db006.wav,22930
synthetic_train_audio/22930/0abb6b9a14ac499dbf9cb8afb8b7a36c.wav,22930
synthetic_train_audio/22930/0d9ff7747bf14be194fe98c61984b49b.wav,22930
synthetic_train_audio/22930/14f252b320004117b1f90da7a21cf5c1.wav,22930
synthetic_train_audio/22930/1571f9f45c7b457ba4f8ccc889d9aa35.wav,22930
synthetic_train_audio/22930/168f0777260d4af2a73f8e2f67a55169.wav,22930
synthetic_train_audio/22930/1be08164b17649d1a891e9d11b9b5245.wav,22930
synthetic_train_audio/22930/20b0ffc6d6034d6e818ec8f10f4d6254.wav,22930
synthetic_train_audio/22930/218df01a5be44957b555d2ef32beed23.wav,22930
synthetic_train_audio/22930/259d5174e0eb46d7b20a3041bcf54384.wav,22930
synthetic_train_audio/22930/308c810b38b04ccba93b422be880f621.wav,22930
synthetic_train_audio/22930/325c388c6b01441d950106fcc1bc951a.wav,22930
synthetic_train_audio/22930/33947d1492af410fb93437df6e2a0977.wav,22930
synthetic_train_audio/22930/3422bfc43b044a3cbba423a728b76ba9.wav,22930
synthetic_train_audio/22930/3452796656b149db9d41d7b8be00862f.wav,22930
synthetic_train_audio/22930/3513e964baf94ae68297e1708f1cf6b5.wav,22930
synthetic_train_audio/22930/361a301f6eb54e18b9e272ba13df68c6.wav,22930
synthetic_train_audio/22930/38dc4bd2faf04141bb1a7deb6d5b5cf7.wav,22930
synthetic_train_audio/22930/39966c651edd4f80aef98682133791f2.wav,22930
synthetic_train_audio/22930/3a022b5bf2314053970fab157d97a8ff.wav,22930
synthetic_train_audio/22930/3cb116919e62471a9109475248166703.wav,22930
synthetic_train_audio/22930/3d987d15b95244c8b4afe493c190d011.wav,22930
synthetic_train_audio/22930/3fcc37549e04403b905b4bd00a493924.wav,22930
synthetic_train_audio/22930/429ecfbe9c7e4df396e1b0b5bbe99208.wav,22930
synthetic_train_audio/22930/43f3f8b8059141a6b99e7f03c892cade.wav,22930
synthetic_train_audio/22930/4cd4df657e90469b955cf2899676e0c1.wav,22930
synthetic_train_audio/22930/4e955170306f41c7a99b0ff05cb18a83.wav,22930
synthetic_train_audio/22930/4f89a6a3aa414ec69f297f17f029e3ed.wav,22930
synthetic_train_audio/22930/517b69ef7cbe4e9a823caa4b88a0fa40.wav,22930
synthetic_train_audio/22930/537bee00021e4b55bc1320760d7c476d.wav,22930
synthetic_train_audio/22930/537dfa6b5053451c8d1ff60f8d03dd9f.wav,22930
synthetic_train_audio/22930/5a9e9bac848c48bc92a4887506a57f6d.wav,22930
synthetic_train_audio/22930/5ce5d32ee239480ca3ffe74f2a182f1b.wav,22930
synthetic_train_audio/22930/6538e915a7f74ad1baa666f60c74bd13.wav,22930
synthetic_train_audio/22930/674f277a530843a0a304e1e2c1cb22ee.wav,22930
synthetic_train_audio/22930/67fd4fae6bdf429d91d6dea0946eeb81.wav,22930
synthetic_train_audio/22930/686e3903123f4f11818c4130b0f01140.wav,22930
synthetic_train_audio/22930/6b965798a967465bacd66b84ceefbe34.wav,22930
synthetic_train_audio/22930/70380f84768046af96782a771eec925c.wav,22930
synthetic_train_audio/22930/74646a19c4b94b9db694dd73cca5759e.wav,22930
synthetic_train_audio/22930/76631dda005542abb8859f090583c80a.wav,22930
synthetic_train_audio/22930/7808743009ad435e9229226ddada7468.wav,22930
synthetic_train_audio/22930/7d6c537169c543468ca52c2eccb169a0.wav,22930
synthetic_train_audio/22930/7da649d7d0a74bb5a86ff4a43885f18b.wav,22930
synthetic_train_audio/22930/82ff9b563abc411bb09376fb5508526c.wav,22930
synthetic_train_audio/22930/859b24941221476f8e4baf3a79bb793f.wav,22930
synthetic_train_audio/22930/85af1ddd86e141c6bd3ca28e90b5b4ee.wav,22930
synthetic_train_audio/22930/86536626e7f644fd84f04eea4cf3438e.wav,22930
synthetic_train_audio/22930/86679d541f8d4900a4cac9eba1c299ae.wav,22930
synthetic_train_audio/22930/88ed1655a9de4198ba7402c9fdd23eee.wav,22930
synthetic_train_audio/22930/895847301c81470e9bcaa55495007ce6.wav,22930
synthetic_train_audio/22930/8c95c78de05643f395acd0a3d1d82da4.wav,22930
synthetic_train_audio/22930/8e7d8de97e98462e9d8b900bc31ccb4b.wav,22930
synthetic_train_audio/22930/8f22c8f67d544cd2b9440355e7b33d75.wav,22930
synthetic_train_audio/22930/8fa91ec8d24d458abc087808dd3dbd1f.wav,22930
synthetic_train_audio/22930/9053d84b06ea401fa39d5919ef6b995b.wav,22930
synthetic_train_audio/22930/9341f959c9c44aa98555da59169bd5b4.wav,22930
synthetic_train_audio/22930/97b7b8c07fc84c199daac220213e2722.wav,22930
synthetic_train_audio/22930/99ff8838b02f498f8ec6e13173b99f59.wav,22930
synthetic_train_audio/22930/9bf043b9867c4c2f856abb885592d500.wav,22930
synthetic_train_audio/22930/9d01a957781a4b82934cf02c08426bd8.wav,22930
synthetic_train_audio/22930/aa51d3dcfbbc4b3d837d786b94a49c7c.wav,22930
synthetic_train_audio/22930/ac3e306e0af24445a4553466b91cfd10.wav,22930
synthetic_train_audio/22930/b2256ea6154945259e8d2028af1b2ae2.wav,22930
synthetic_train_audio/22930/b5a7c00839864b6299ccdaf46cd428a6.wav,22930
synthetic_train_audio/22930/b7d637b2ce3e421496e6b2b977ef5c01.wav,22930
synthetic_train_audio/22930/b94af1410234433eb0f4ab7e9714a3c1.wav,22930
synthetic_train_audio/22930/c1396d3dd67a4349bc8213affd84d5f9.wav,22930
synthetic_train_audio/22930/c61bad7a04b24e19ae1f5dc3871748e6.wav,22930
synthetic_train_audio/22930/ca1e7d2a9fe34e23901c0f9e62392a45.wav,22930
synthetic_train_audio/22930/cae65f170fb345b58cc10be76332daf0.wav,22930
synthetic_train_audio/22930/cbc1c30a766e44d09bd3c03f8ebb651d.wav,22930
synthetic_train_audio/22930/cff5e5e77605468da08468423ec99bba.wav,22930
synthetic_train_audio/22930/d2048a88893f40e2906d6c545a38776a.wav,22930
synthetic_train_audio/22930/d2663a134b9e49dcac92bf3910e775de.wav,22930
synthetic_train_audio/22930/d2ab526760594ea69ca6aefcde36a717.wav,22930
synthetic_train_audio/22930/d514dd73ed0b45b3adbb726b5b64824d.wav,22930
synthetic_train_audio/22930/d6d08328094b477b94024f21d079ca95.wav,22930
synthetic_train_audio/22930/d781912dfe334de585ac08ba4cf99ba4.wav,22930
synthetic_train_audio/22930/debb8aa27b86462292f0679dcbc006fa.wav,22930
synthetic_train_audio/22930/e0968cc317c74a0db34509c900969834.wav,22930
synthetic_train_audio/22930/e1c18ce5cbed4bddb065bc27f4b200b6.wav,22930
synthetic_train_audio/22930/e710993c52964870b00dbd54c57153a2.wav,22930
synthetic_train_audio/22930/e73e4fca143b4bcca2fc590f3cdf8e5b.wav,22930
synthetic_train_audio/22930/ea233ce45f384095a211a5872d28817e.wav,22930
synthetic_train_audio/22930/ed629830638c4013b41ad0454e9d9da0.wav,22930
synthetic_train_audio/22930/efa5d9fb56b842919c2a0aac818deb9c.wav,22930
synthetic_train_audio/22930/f216f57547194d42a8550d837e648396.wav,22930
synthetic_train_audio/22930/f2c747ef218e4ce08622f05fc0bca78a.wav,22930
synthetic_train_audio/22930/f2e7fd03ce694437b893b41c65b65b46.wav,22930
synthetic_train_audio/22930/f624a17411504e30a146f1db63e617ac.wav,22930
synthetic_train_audio/22930/f6d3628807124718a0b4f7a5803b452d.wav,22930
synthetic_train_audio/22930/f9f2082cc9184943b74915752ed4c937.wav,22930
synthetic_train_audio/22930/fdafd8182b0045e9adb98ade86c1cab4.wav,22930
synthetic_train_audio/22930/fdd0fe6ef6ff4656857add92e47c0a22.wav,22930
synthetic_train_audio/22956/023ba4fe44c64dad8ea76c1927c9b3a0.wav,22956
synthetic_train_audio/22956/08d52bc446764fd7b8902e81e62d94d6.wav,22956
synthetic_train_audio/22956/0eee6ef690434910a0724d75382c1cdf.wav,22956
synthetic_train_audio/22956/1099ffeb01be4530b945194dc1d09852.wav,22956
synthetic_train_audio/22956/10ae3ffa8eb14ec88e259fd65cdb90e1.wav,22956
synthetic_train_audio/22956/167ecb922ff845209614387678116486.wav,22956
synthetic_train_audio/22956/17810134e4d24f688b3689c646e78028.wav,22956
synthetic_train_audio/22956/19a00ec21d4b47a5ab24273419a0c1f9.wav,22956
synthetic_train_audio/22956/1b084a7d6b2c4e2b86aac91f5bb4f55a.wav,22956
synthetic_train_audio/22956/1b0b7a5686164ea783ff2b37ceb181a1.wav,22956
synthetic_train_audio/22956/1b40706dd89b455da2d7da39799e7ba6.wav,22956
synthetic_train_audio/22956/1c56e08bc488474089fa2041eacc47fe.wav,22956
synthetic_train_audio/22956/3306b7763af140578ecd7e858c5b98a0.wav,22956
synthetic_train_audio/22956/33482b7a58af410ca6abfbce6e4a4d2a.wav,22956
synthetic_train_audio/22956/35907a2554ef42b183f0b068b888475d.wav,22956
synthetic_train_audio/22956/368ad4ecfb0f45c4aafe8ba2076ee9be.wav,22956
synthetic_train_audio/22956/3ce29f5b4ac84269a3a53146eb2b392c.wav,22956
synthetic_train_audio/22956/4bb9a6743fad418c9f6300a12800c4d3.wav,22956
synthetic_train_audio/22956/4cb9636684c54e74953eb5d27c763a5b.wav,22956
synthetic_train_audio/22956/4d123f7ea7b141d998bf2ac7f6a41d01.wav,22956
synthetic_train_audio/22956/4ec3a084eae44334862b4054b592622a.wav,22956
synthetic_train_audio/22956/502665b3d995481eaa792bb3f147294e.wav,22956
synthetic_train_audio/22956/510b8fc3bc404c2f931c79a0bcffe3ab.wav,22956
synthetic_train_audio/22956/5bcd4c1013e94cf5ab5c6e30be346f9d.wav,22956
synthetic_train_audio/22956/5d012835de1d4e9e844e2f5185a6465a.wav,22956
synthetic_train_audio/22956/5d54554a9898409c87183007cee9da67.wav,22956
synthetic_train_audio/22956/67fbc256015848679f4f7382df42d269.wav,22956
synthetic_train_audio/22956/69c38c7a2029471aa061713d9f2839ba.wav,22956
synthetic_train_audio/22956/6cb1565ea4644c3f87e5713de6f031de.wav,22956
synthetic_train_audio/22956/717c7ec67c2c4b27be2adff3aa0c6e2c.wav,22956
synthetic_train_audio/22956/73ddaf3f8e5340589afa483a68c05681.wav,22956
synthetic_train_audio/22956/748169a263e1461c9e0b041d223c51aa.wav,22956
synthetic_train_audio/22956/76e724e77dac40e48047620add8d2cef.wav,22956
synthetic_train_audio/22956/793cfe4890be417c94bc0bc5024af9cd.wav,22956
synthetic_train_audio/22956/79951d8d5b8b403cb84a76341b47c5d2.wav,22956
synthetic_train_audio/22956/7c13115077494781a891fa8b686e7ed8.wav,22956
synthetic_train_audio/22956/7c188978fdef4b95a100a45e70ab2adf.wav,22956
synthetic_train_audio/22956/7dfaafd920324739af8792fa84dcc4fa.wav,22956
synthetic_train_audio/22956/7f4b921371c64adb93d32d28e568f6b8.wav,22956
synthetic_train_audio/22956/87549a11513340c4bbdb27e56166766a.wav,22956
synthetic_train_audio/22956/911ac4aaa3b9414983dcaad854bb8316.wav,22956
synthetic_train_audio/22956/93c6892709744552a53a02d7138195a5.wav,22956
synthetic_train_audio/22956/9516c27bc5324b88afc37bbbd8a932e3.wav,22956
synthetic_train_audio/22956/95408c0a20ed4dedae667fc990a3d168.wav,22956
synthetic_train_audio/22956/97d10d2ec4dc44b0b9d0bdd81d1896a5.wav,22956
synthetic_train_audio/22956/9830ae1665d14b1a8ca4ecca268dc132.wav,22956
synthetic_train_audio/22956/987b69c8d6d443fba179a7169d082816.wav,22956
synthetic_train_audio/22956/9a22b61f56a244f6b3b7e390e58a05ba.wav,22956
synthetic_train_audio/22956/a178d1c6cd21494193695e9c1807f476.wav,22956
synthetic_train_audio/22956/a28a52fc2c584520905961bb996939fa.wav,22956
synthetic_train_audio/22956/a614e33c90204239a2d960c835035912.wav,22956
synthetic_train_audio/22956/a7a0fc2c2bbd4fa083cabec0bd3b3ffb.wav,22956
synthetic_train_audio/22956/a9d5d7ffc25d47ecb65737633b63293e.wav,22956
synthetic_train_audio/22956/aa7075e27fd24e07834ed99ae81cc3e4.wav,22956
synthetic_train_audio/22956/acd516fd6b504897a4ff203cb6362f55.wav,22956
synthetic_train_audio/22956/ae885b2a526543f083c48736141c33a6.wav,22956
synthetic_train_audio/22956/af8eec2dc18d4f0eb497150e41f7906a.wav,22956
synthetic_train_audio/22956/b0a9a5c1fbd7433f89654afc915b32b4.wav,22956
synthetic_train_audio/22956/b3a6750c1f734651b8395d71953f4dc8.wav,22956
synthetic_train_audio/22956/b7f3ae9a2c2349d2a37b73a397e392e8.wav,22956
synthetic_train_audio/22956/bb7125bc793a4034ac9e7686fb7d3ae8.wav,22956
synthetic_train_audio/22956/bc571b00926b4fb38c78c0dbf89d4d90.wav,22956
synthetic_train_audio/22956/bdc5dea28a784e46b3967296acf0a4c8.wav,22956
synthetic_train_audio/22956/c80246fe498841cbab36cd3e290940fe.wav,22956
synthetic_train_audio/22956/ce24afb314d64b97b22c964534344768.wav,22956
synthetic_train_audio/22956/d420850932a94e68a7d6ca72b8571217.wav,22956
synthetic_train_audio/22956/d5177526c7504631bc0ddc05deddb97b.wav,22956
synthetic_train_audio/22956/d5d58b8ba60b4f06b2300f5fa263d58d.wav,22956
synthetic_train_audio/22956/d65f5c3de9e6442dba7eaffa8c19e5eb.wav,22956
synthetic_train_audio/22956/da4dd7da9f1546c7930022e3980cde4f.wav,22956
synthetic_train_audio/22956/e609ba0ed774424a9d7136441109a50b.wav,22956
synthetic_train_audio/22956/e7923ab4c13548869d3c3190bdb8ec39.wav,22956
synthetic_train_audio/22956/ef7ee6d210d0494ab8c14d6858ec1846.wav,22956
synthetic_train_audio/22956/f84bc4c4a65f43259c1634d69f53dddb.wav,22956
synthetic_train_audio/22961/044b4d16c7604b94a3a1ebc085c04e02.wav,22961
synthetic_train_audio/22961/05c8f265df904367bd64fb1c96d33f59.wav,22961
synthetic_train_audio/22961/0b2da7cb696045d99774ebe31ba9023c.wav,22961
synthetic_train_audio/22961/0b6bbcc4ee6440c8bb7272fb2a30894d.wav,22961
synthetic_train_audio/22961/0c813b290cd94fa9bce003b51b7c6996.wav,22961
synthetic_train_audio/22961/10f97068de18425691e3425d099e4e74.wav,22961
synthetic_train_audio/22961/143d6074a8514b9f87068bcd32b0b17a.wav,22961
synthetic_train_audio/22961/1789705aba274ff19ca4670533f0696e.wav,22961
synthetic_train_audio/22961/1820523fa8a04d4f8828ddeceafa8e2f.wav,22961
synthetic_train_audio/22961/187fb749f56646af9fede44503af4a13.wav,22961
synthetic_train_audio/22961/1b814b1d55034562b83702286f359769.wav,22961
synthetic_train_audio/22961/21d02216160e4dc3b4f588a398aed0a7.wav,22961
synthetic_train_audio/22961/25491422cd144949873647e6b3508e1c.wav,22961
synthetic_train_audio/22961/2b36be0756724189bb4dd21c6c86779e.wav,22961
synthetic_train_audio/22961/32dbe2db824e461793d4cf4aeb828834.wav,22961
synthetic_train_audio/22961/331c9843888549ae97a450592b1bb61f.wav,22961
synthetic_train_audio/22961/3820ca1ea499483e9d26f1a3b130b044.wav,22961
synthetic_train_audio/22961/39472ddc1b6a4f39ab1f99a75261a8ed.wav,22961
synthetic_train_audio/22961/3c37bdf4540f4136aca88e80c307d2f2.wav,22961
synthetic_train_audio/22961/3ca2f8544719456086c064911399dad0.wav,22961
synthetic_train_audio/22961/40dc1e62f0824dd1af7ed63f4c781f56.wav,22961
synthetic_train_audio/22961/44bb4a17d62e4f19b80e81440cb6c9f0.wav,22961
synthetic_train_audio/22961/452820da2ab946709ffc70ffd86898ac.wav,22961
synthetic_train_audio/22961/46c2c53e8c384e69b1fa4baf18e0a41e.wav,22961
synthetic_train_audio/22961/48f0f9bce99a463fbe695e2f8f5edaff.wav,22961
synthetic_train_audio/22961/48f7583fb2b447cc81fb3a7baa4b9bab.wav,22961
synthetic_train_audio/22961/4ae0e43cb96143b9a302864ef2ccdd2e.wav,22961
synthetic_train_audio/22961/4bd76de4610b4e5d983323236aeb79ea.wav,22961
synthetic_train_audio/22961/4bdc4c90a3404602b7e52f8a99456692.wav,22961
synthetic_train_audio/22961/5306723691924c5d85c10b3dccc56437.wav,22961
synthetic_train_audio/22961/541b63fcb3584ce1a0bb23a54201df1d.wav,22961
synthetic_train_audio/22961/55af73cd4fb149d6813e2f6e8d928992.wav,22961
synthetic_train_audio/22961/57a14181dd1442c6913f58382e681120.wav,22961
synthetic_train_audio/22961/5823f2462e804f03aa6e306b6c41b4ad.wav,22961
synthetic_train_audio/22961/5ac3e517ec894247914d5ec6da0522e2.wav,22961
synthetic_train_audio/22961/5b3346861cc24fce93c036764d68fbc4.wav,22961
synthetic_train_audio/22961/5de1dc26a3c943c9aa1a6307a8a299b2.wav,22961
synthetic_train_audio/22961/5f73e702e75147ea8d78fca0edcef6d1.wav,22961
synthetic_train_audio/22961/620ebde23635444c8989db16b98486b7.wav,22961
synthetic_train_audio/22961/624d5170feb74d37ad9e0921b735aabe.wav,22961
synthetic_train_audio/22961/6579726998a54790ac0076cdacc77dbe.wav,22961
synthetic_train_audio/22961/66419e38923043c4b672d79c249d1aa3.wav,22961
synthetic_train_audio/22961/68bde72fcd2846e299a7495b99ca125f.wav,22961
synthetic_train_audio/22961/6c1c7f33eb7d4a3db21298790c37efb3.wav,22961
synthetic_train_audio/22961/6ea9f1fb02314fe79280a693a5489a1d.wav,22961
synthetic_train_audio/22961/6ec46c4d1bf749ac8b3b52123009ff09.wav,22961
synthetic_train_audio/22961/6ee42ba7829640f182962e09e31a42e1.wav,22961
synthetic_train_audio/22961/6fc9a553e8074f28b8b0aa60842ed378.wav,22961
synthetic_train_audio/22961/71c4e60df17348d0a6b16d1e96087dbf.wav,22961
synthetic_train_audio/22961/72e16d81683c46a3ad278604f5dff6b1.wav,22961
synthetic_train_audio/22961/77056478085f479c86e91b24b43540cd.wav,22961
synthetic_train_audio/22961/7b9edd9c6bd2477990748923f20c75b7.wav,22961
synthetic_train_audio/22961/7ba806865abb406a8ee310ec6072e4d4.wav,22961
synthetic_train_audio/22961/7e0d39f9398c41c2a0afffccadd30cce.wav,22961
synthetic_train_audio/22961/85ddad244a334372b45e97120c806674.wav,22961
synthetic_train_audio/22961/87f1d6e2f5ed4c21a49840544593128f.wav,22961
synthetic_train_audio/22961/892c7a7373fd4b50a362c24d7d222cef.wav,22961
synthetic_train_audio/22961/8b24b75d5f594b9e8d81b1f72cd9df7f.wav,22961
synthetic_train_audio/22961/8bb74026361a4300bc0ffa077cf22401.wav,22961
synthetic_train_audio/22961/8d1283ca25724691be7b7e60dd3f9d23.wav,22961
synthetic_train_audio/22961/8d7277ddfc3946bc872baea330970eee.wav,22961
synthetic_train_audio/22961/8e903ad9cad4457c92472dc02b5a56bd.wav,22961
synthetic_train_audio/22961/909501f32c63421b84d9f24f982c5d69.wav,22961
synthetic_train_audio/22961/90d5a2e30f9f4598a42c66e40a644403.wav,22961
synthetic_train_audio/22961/98ecb2b9a7af4c6995542368a5a7ca14.wav,22961
synthetic_train_audio/22961/9aba9b624292450e85335421cd1ce67c.wav,22961
synthetic_train_audio/22961/9b4a014882a448b1959ff9ea04aeabe6.wav,22961
synthetic_train_audio/22961/9cf527c155e3493287f9ff78d765ba5c.wav,22961
synthetic_train_audio/22961/a11b5f3d14c0490fbb9289979606bd38.wav,22961
synthetic_train_audio/22961/a33d2b0e22e34f84a1ab9bddaffd9515.wav,22961
synthetic_train_audio/22961/a93045dd703b4e429a054925efe6cf1d.wav,22961
synthetic_train_audio/22961/aad80e2751fb4f5aae1786f9752f2f06.wav,22961
synthetic_train_audio/22961/af54edf2241c48e3b49fadc964fc1d49.wav,22961
synthetic_train_audio/22961/b77c52ff32db44f5a4b69797dbff8dba.wav,22961
synthetic_train_audio/22961/bb896e2bb63449aeb7a08aa729a13751.wav,22961
synthetic_train_audio/22961/c71af8eff530479db3ea37007c7acc11.wav,22961
synthetic_train_audio/22961/d11d646c254f4c94a1aafb7a460c462b.wav,22961
synthetic_train_audio/22961/d41f361451304024b716528a8402d224.wav,22961
synthetic_train_audio/22961/d8089d8d9c02434b893a5015fa16f869.wav,22961
synthetic_train_audio/22961/dcbe5a505e4e4cc3a495679824aedcdc.wav,22961
synthetic_train_audio/22961/dd9d9d1628bb447fa81323493df261ad.wav,22961
synthetic_train_audio/22961/e2b8a381d49c4e74a34b6bc39f75ed95.wav,22961
synthetic_train_audio/22961/e2cbab0b00a24c099e4854a022f7bc4b.wav,22961
synthetic_train_audio/22961/e4ca18e24da840a9935f63c9235b346d.wav,22961
synthetic_train_audio/22961/e95fd347ee1842b09d6a834d57aed68a.wav,22961
synthetic_train_audio/22961/f015d45fce07405a9249b455bd029b76.wav,22961
synthetic_train_audio/22961/f34596bec54340aab40733c3b1477748.wav,22961
synthetic_train_audio/22961/f5ec07c85c2a4d3b9f26b4ccecb65a48.wav,22961
synthetic_train_audio/22961/f9959559438f4a68bbcb65519cbc9064.wav,22961
synthetic_train_audio/22961/fa2623310261475cbcf018fa74eb8467.wav,22961
synthetic_train_audio/22961/fb9c3b0766f4454da54f20e2baaa03b8.wav,22961
synthetic_train_audio/22961/fc2e1a56f7534e1c86c1f9af85c976a4.wav,22961
synthetic_train_audio/22961/fc4975effc724fe4ab4d77df12985329.wav,22961
synthetic_train_audio/22961/fda9745fce4b441f880604de6e40cf5d.wav,22961
synthetic_train_audio/22961/ff49abf48f314b3fa186b0b2c0bbb7d7.wav,22961
synthetic_train_audio/22967/00fcb59ab4f0408697a7ac21353d31fb.wav,22967
synthetic_train_audio/22967/0320594d15d546d7bad0fe2c489f2932.wav,22967
synthetic_train_audio/22967/06a3ce3973d34745bd51cd5a9828d84c.wav,22967
synthetic_train_audio/22967/0b79623909164c758f1faf283d9b9b0b.wav,22967
synthetic_train_audio/22967/11dd0aea9dd54a0a8bb05feaa9f28711.wav,22967
synthetic_train_audio/22967/12847387589c422294c6faeadb093da2.wav,22967
synthetic_train_audio/22967/1506808669054a808be07be0f452f1c6.wav,22967
synthetic_train_audio/22967/165d816b0f6142ceb9a954e27948018d.wav,22967
synthetic_train_audio/22967/171c315403f647308cd5e1253cd93966.wav,22967
synthetic_train_audio/22967/19b32efb55d9445b88527cec8836d799.wav,22967
synthetic_train_audio/22967/1c09455a3ed04cc28e7d46a0bac85cb6.wav,22967
synthetic_train_audio/22967/1d2c721079fc41688e41ff22e1637511.wav,22967
synthetic_train_audio/22967/1d3d534cf6e74244b7a175ece9302384.wav,22967
synthetic_train_audio/22967/227bb942ca6a4b118e3d039970e9a15c.wav,22967
synthetic_train_audio/22967/292c8f9a97f84d6a93aeb4b394154515.wav,22967
synthetic_train_audio/22967/2ad49eab84604aa3a39a5aa11e722a58.wav,22967
synthetic_train_audio/22967/2f9648c283bf42bd951d2a18edd67a8a.wav,22967
synthetic_train_audio/22967/38a062d64a794e15889dda8f72200729.wav,22967
synthetic_train_audio/22967/3a1482fb91d146c1ba4a5cd50ffefa07.wav,22967
synthetic_train_audio/22967/3c0122ef122b4f9aad6a545a997344e6.wav,22967
synthetic_train_audio/22967/3d6747db84db494f9a7901e8b94db89a.wav,22967
synthetic_train_audio/22967/413a74c6603644c8aef6d6b8063582bc.wav,22967
synthetic_train_audio/22967/4190069e4ecc4055abc16bbc1932578b.wav,22967
synthetic_train_audio/22967/431ce82ad55445feac267f683341b2a7.wav,22967
synthetic_train_audio/22967/4425b3a78d254654b93ee0db3599acd3.wav,22967
synthetic_train_audio/22967/445ab34b4601483f8358f688efe4f3a0.wav,22967
synthetic_train_audio/22967/464e8812a0f44baab0034a58d2ece551.wav,22967
synthetic_train_audio/22967/4a88f542fec44c18b85075407f1c2a50.wav,22967
synthetic_train_audio/22967/4e9433b48a1e4178a857e16c546ef692.wav,22967
synthetic_train_audio/22967/515a66a1748d418d80e33ef87a6db747.wav,22967
synthetic_train_audio/22967/5376ed7c0c354993b7f0ea3195e7d70b.wav,22967
synthetic_train_audio/22967/53b3addbea724e6ba0ac898c38141fe3.wav,22967
synthetic_train_audio/22967/55aab47aae06467582d8302d6707ce15.wav,22967
synthetic_train_audio/22967/56c9c33868544135a44c437debc9e94d.wav,22967
synthetic_train_audio/22967/580ea2abd3074d889394420ff38b0ddc.wav,22967
synthetic_train_audio/22967/5cfa0312e4704cb6aec21ebe15d06e2f.wav,22967
synthetic_train_audio/22967/5d5c59b798bb42e0933e882e488b5e40.wav,22967
synthetic_train_audio/22967/5e02e1a219e7439cbdd00b1afb6a1d23.wav,22967
synthetic_train_audio/22967/62068ff09ab54388b524dcfc7dd47edc.wav,22967
synthetic_train_audio/22967/62ae393cc9bd4d21af41fda4f10be760.wav,22967
synthetic_train_audio/22967/6533eaf745f34c898cd16f317ad3f91d.wav,22967
synthetic_train_audio/22967/65529cb0540244c28f65a0964248c932.wav,22967
synthetic_train_audio/22967/66c89106905f46db95e20bc9afaf01e8.wav,22967
synthetic_train_audio/22967/676c22c6698141269b3f7dcd9ec78002.wav,22967
synthetic_train_audio/22967/7323a6f07f784b0a89debc436b969b31.wav,22967
synthetic_train_audio/22967/7418c24cc2b7430eaad424aaa2962765.wav,22967
synthetic_train_audio/22967/74d3574c23aa45b1a73840f44b1caa7a.wav,22967
synthetic_train_audio/22967/753776b3c4f84201bcf1714e5df59246.wav,22967
synthetic_train_audio/22967/7bced78de9d743d0940483ed7b391660.wav,22967
synthetic_train_audio/22967/8049fcfbb5e541469973e864ebd6964c.wav,22967
synthetic_train_audio/22967/818819ecfd9d43f4ba8b78360b88f8fc.wav,22967
synthetic_train_audio/22967/8324fe2241e04af18b469bbfd58beb1a.wav,22967
synthetic_train_audio/22967/84a57426a98d4b10a899947b1081850a.wav,22967
synthetic_train_audio/22967/8653a058beed47138b215b1e13cc55b2.wav,22967
synthetic_train_audio/22967/8ad87b108ad44583a277654304c74538.wav,22967
synthetic_train_audio/22967/8c2761de2d4c4e0c9137991ed4bcc0f4.wav,22967
synthetic_train_audio/22967/8c62a14a2c3c4a0f879eb978363e49de.wav,22967
synthetic_train_audio/22967/8d317c12db214d2faa1778639a2876a8.wav,22967
synthetic_train_audio/22967/8e8d819a8f5b4c6fa68ab77297734caf.wav,22967
synthetic_train_audio/22967/910b0bb22be246419dad39390854c97f.wav,22967
synthetic_train_audio/22967/9366d0fc5e784c29a859220c08fa664a.wav,22967
synthetic_train_audio/22967/957660baca384193a6ff763482fd7805.wav,22967
synthetic_train_audio/22967/965c98a4a5f941018ac00bac03aa498e.wav,22967
synthetic_train_audio/22967/97df42d14c2649be86237c6848b721c9.wav,22967
synthetic_train_audio/22967/986ac8adb82c4178bd1028a0e6afbb69.wav,22967
synthetic_train_audio/22967/9e759a7ae464413da09193cea753b6f0.wav,22967
synthetic_train_audio/22967/a3da02d8c4944deb90c26310345c4e25.wav,22967
synthetic_train_audio/22967/a4f9105b4323426f9529455ea8a8f39d.wav,22967
synthetic_train_audio/22967/a5dbc77efc614327ac8300fb53423515.wav,22967
synthetic_train_audio/22967/a69e74e1569841d8bd184d1058dffe5e.wav,22967
synthetic_train_audio/22967/a712d2715e67419c8bde1e606f9c6c87.wav,22967
synthetic_train_audio/22967/a957a0a7639649b6a9305916b173cc50.wav,22967
synthetic_train_audio/22967/ab31473e8e23490b8a100f082180d8a4.wav,22967
synthetic_train_audio/22967/ad6ba55508b342c3b836d40914816cc6.wav,22967
synthetic_train_audio/22967/b3ac9d1debab4b78ba204c46dbf8d6f1.wav,22967
synthetic_train_audio/22967/b70fb0bc50d74e7ca43aaa1dc643834d.wav,22967
synthetic_train_audio/22967/b80e782e90eb4144a88750d66aac4029.wav,22967
synthetic_train_audio/22967/b83c29680e9344368d7a168c8638c9cd.wav,22967
synthetic_train_audio/22967/ba466313efce4be2b2ff88432576ec70.wav,22967
synthetic_train_audio/22967/bed990a9938c4d75914e55d0d4e80538.wav,22967
synthetic_train_audio/22967/c8f1aa73aadb45308ce0df823f2033f2.wav,22967
synthetic_train_audio/22967/cad3ec15ecdd4c68a7273089cc90b1be.wav,22967
synthetic_train_audio/22967/d665860aac51492d816c167f9bc22520.wav,22967
synthetic_train_audio/22967/d68bd1df17eb437a97ab8c02b20f94cd.wav,22967
synthetic_train_audio/22967/ddc25280d9f64712a41219fe2ffeda7f.wav,22967
synthetic_train_audio/22967/e003906a78e447fb859881aa27299825.wav,22967
synthetic_train_audio/22967/e2ded01f26dd40a788c346a9dff9a0fe.wav,22967
synthetic_train_audio/22967/e61c70f55e9d4d5c88339ab23f04dc44.wav,22967
synthetic_train_audio/22967/ecdf5c6ced6d42f68c20ca731f13c2dd.wav,22967
synthetic_train_audio/22967/f28d2e7ee6f34f0bb3677eff7a83229c.wav,22967
synthetic_train_audio/22967/f39f9a3970c5436cb12a717c76680fcf.wav,22967
synthetic_train_audio/22967/f45fdfb09e0642e6abd08a7addc0a379.wav,22967
synthetic_train_audio/22967/f62cb10e8ba446e5b246a4fb63288efd.wav,22967
synthetic_train_audio/22967/f92449be858a4aa296db3e17b90d06c5.wav,22967
synthetic_train_audio/22973/03004ea2728845f18091ae9eb3c0d61b.wav,22973
synthetic_train_audio/22973/05f800ab04784953aa2d1742471600fd.wav,22973
synthetic_train_audio/22973/0bb3df82502949f89bf5735a73344b67.wav,22973
synthetic_train_audio/22973/0cb2f4428072439ab5436358e5c44ad8.wav,22973
synthetic_train_audio/22973/0f280bb81b1b49a9b28a676dbc066567.wav,22973
synthetic_train_audio/22973/16e27346e1264a3bad3822a01bef1ba0.wav,22973
synthetic_train_audio/22973/1863b4a16f50432eaa2faf5415a755c2.wav,22973
synthetic_train_audio/22973/1e82fc26cb714e049ca03a1d9b66b91d.wav,22973
synthetic_train_audio/22973/20d87178a4b042138a162f7c478a689b.wav,22973
synthetic_train_audio/22973/2583ff92322e466a88527f7fe1cd96b1.wav,22973
synthetic_train_audio/22973/2929ad12aed049b38564cb9a04fd0961.wav,22973
synthetic_train_audio/22973/2d57843a722b4abb8f395bbfb4633c5a.wav,22973
synthetic_train_audio/22973/345a5ac26ac6484cae268f811ebfc2f8.wav,22973
synthetic_train_audio/22973/3f94e9456e744243873842e3cd1d26f0.wav,22973
synthetic_train_audio/22973/4d872a8a4671450886ac155c42138a39.wav,22973
synthetic_train_audio/22973/51b520fee45b4c7bb784f73ec53378a4.wav,22973
synthetic_train_audio/22973/59710e22dfbf4bb8beaa94f77ad7420d.wav,22973
synthetic_train_audio/22973/5b805e1340b84d5e818b8ddd9f1ecb92.wav,22973
synthetic_train_audio/22973/6b94e0b3279c4b2284d7c4cf5c5ebde3.wav,22973
synthetic_train_audio/22973/7416d1ba91d5461293ef64dd83a522a5.wav,22973
synthetic_train_audio/22973/7637fc18ccfa40e1b456acd66d074231.wav,22973
synthetic_train_audio/22973/79f4fbeddb1a4856bc17a73e8d38c526.wav,22973
synthetic_train_audio/22973/79fff1c77cff4cc093ce598679732409.wav,22973
synthetic_train_audio/22973/7d360634618a43c09032eec67b2eb655.wav,22973
synthetic_train_audio/22973/7d96429e9d834faab1a98c7994bff7b5.wav,22973
synthetic_train_audio/22973/81c61dcfcf034f9b8997dc9b5f93c72d.wav,22973
synthetic_train_audio/22973/868cf7d04fb44183a768b92858c60426.wav,22973
synthetic_train_audio/22973/89b162c867464644be302e17ce4bf509.wav,22973
synthetic_train_audio/22973/89fca10d8f83474abf3b25f8743d6df6.wav,22973
synthetic_train_audio/22973/8ea48065a25049c4a2368f222c9bbd66.wav,22973
synthetic_train_audio/22973/8fde4b6add994499987d0ecabdc28bba.wav,22973
synthetic_train_audio/22973/9170a333924447d48d200342fe7ba28a.wav,22973
synthetic_train_audio/22973/9466880f355148288dd38b63e086bde0.wav,22973
synthetic_train_audio/22973/959041220aea4ad69eb4978026eef5ca.wav,22973
synthetic_train_audio/22973/9b1e59fc8b214741b07ce5e0a7a32d54.wav,22973
synthetic_train_audio/22973/a358687175064ccdb9a708fd40be728a.wav,22973
synthetic_train_audio/22973/ac40b2f0987742b389bd378348a27f53.wav,22973
synthetic_train_audio/22973/b0358e4fd32446afbbfce538d4260808.wav,22973
synthetic_train_audio/22973/b381155471564e34a39df190a2d1b0f1.wav,22973
synthetic_train_audio/22973/b8e06549478e4d9ca12e07c72c2d5dd8.wav,22973
synthetic_train_audio/22973/c0f1785f52694077b1259b0e8f479b41.wav,22973
synthetic_train_audio/22973/c4df24c912054291b48fe55d044d8d76.wav,22973
synthetic_train_audio/22973/d20b4ec9e9fb44f08ec76af0a904f05c.wav,22973
synthetic_train_audio/22973/d47e9b05215f4a5e98971988cc50e769.wav,22973
synthetic_train_audio/22973/d70f8a532d164c29ba9214b6ed604401.wav,22973
synthetic_train_audio/22973/e3a29390d48d4f549747b25239de997e.wav,22973
synthetic_train_audio/22973/ec5180a6211e47a589ac1f27fefd782c.wav,22973
synthetic_train_audio/22973/f2973d8264ad41e4a9c382fa41bbf689.wav,22973
synthetic_train_audio/22973/f732d139fb6e47818eb47ef64b95c8ea.wav,22973
synthetic_train_audio/22973/fd0b15a3508445dc90d3be1c6f692396.wav,22973
synthetic_train_audio/22983/008311b518004455ae5e0c123b4c82c6.wav,22983
synthetic_train_audio/22983/02bd1bab3b4f442ab387e77c98d3f2b7.wav,22983
synthetic_train_audio/22983/044548eff1274662a19ff3b40482e52a.wav,22983
synthetic_train_audio/22983/0b1c23f848d0404f82d4ee030cd23b8e.wav,22983
synthetic_train_audio/22983/0bfc01256c8f49edad2e190aa5ca479f.wav,22983
synthetic_train_audio/22983/0dd7907bf315476e8439d73102863f76.wav,22983
synthetic_train_audio/22983/194dbd2a590447348ef8320334e788c4.wav,22983
synthetic_train_audio/22983/1ae108abf1764f2e9b10e8e459439b7b.wav,22983
synthetic_train_audio/22983/1b9444fef8a84e7ab9b32caab4e4444c.wav,22983
synthetic_train_audio/22983/1fd491def7f244e39675c20e4a90d9d3.wav,22983
synthetic_train_audio/22983/20323d3670e7443dbb64c7367201c3dd.wav,22983
synthetic_train_audio/22983/234a4eb6c3c74d42bb329919fcf6a133.wav,22983
synthetic_train_audio/22983/257f5ffea88a4e91b5959cd56d5df004.wav,22983
synthetic_train_audio/22983/298c360a9f114e2aa1a7611892588b81.wav,22983
synthetic_train_audio/22983/31a4b66b90d146709f94593df6a58334.wav,22983
synthetic_train_audio/22983/31f488ea51be45c399f1d37f2489f7ab.wav,22983
synthetic_train_audio/22983/34f1d5a0a45440548cfd1c198ceb9dfa.wav,22983
synthetic_train_audio/22983/3bec1194e26547599f512dcfc7111501.wav,22983
synthetic_train_audio/22983/41303ef723c345ea81fb691142f0a163.wav,22983
synthetic_train_audio/22983/43bafb411e4b453b9e1e25940ec745f2.wav,22983
synthetic_train_audio/22983/44355382554c4552a982e1b68bcac02d.wav,22983
synthetic_train_audio/22983/4e5f10b0cd99463aa5c01643d7b4a4a7.wav,22983
synthetic_train_audio/22983/51cb4d18d247434f9d7191230301e0f1.wav,22983
synthetic_train_audio/22983/5347bbd7c9c847788815d611234be8b1.wav,22983
synthetic_train_audio/22983/542966ef248b4bf28eafdcc3fdaae432.wav,22983
synthetic_train_audio/22983/57fdc98ac307434a897ba5851b943b66.wav,22983
synthetic_train_audio/22983/5a5bc4dd98484cc2b0fb5178f89c0107.wav,22983
synthetic_train_audio/22983/5b232581000745e1a5e8585c29e0292c.wav,22983
synthetic_train_audio/22983/5c22793d9e9643aca24c64805f5260d6.wav,22983
synthetic_train_audio/22983/60b7c4beb3544139ad53f171f12f9d96.wav,22983
synthetic_train_audio/22983/61482cc8f6ba425fa72a324007fffe4b.wav,22983
synthetic_train_audio/22983/64ff83e2aeb049208fad39e8b725e5cd.wav,22983
synthetic_train_audio/22983/65b2f51a5b6a44c683f02eecd08be13e.wav,22983
synthetic_train_audio/22983/66a8ba2e532c4ed3a9d73e6d9f378055.wav,22983
synthetic_train_audio/22983/67080fca83164d2b964b0cd98278692b.wav,22983
synthetic_train_audio/22983/672c317b9e8b49c0aa9e8e34d50883c0.wav,22983
synthetic_train_audio/22983/69906ba65e0b4c99b57920bb7ac1b672.wav,22983
synthetic_train_audio/22983/6b43809561ef45a1a09c91ae34423833.wav,22983
synthetic_train_audio/22983/6e222607e01147bb974735b5de2211ea.wav,22983
synthetic_train_audio/22983/6e77e3018a29437a98283ad33970e8d5.wav,22983
synthetic_train_audio/22983/6f15ba00fa0148e0839e57d39409eac9.wav,22983
synthetic_train_audio/22983/7083553f44ca4171a5d43c45f4c9d4ec.wav,22983
synthetic_train_audio/22983/711044c518ec436eb96db8a6a816444b.wav,22983
synthetic_train_audio/22983/79b51e4f10b84b5ab8ff43845ca39068.wav,22983
synthetic_train_audio/22983/84fe1c9a1ce94b048f9e13ca41c28e13.wav,22983
synthetic_train_audio/22983/85ae86349fd84f2cbec934657b51d5e1.wav,22983
synthetic_train_audio/22983/85d74ffaaad3480a95304a7f964d9d42.wav,22983
synthetic_train_audio/22983/87b318341ef14d67a2fcbf2424e539f5.wav,22983
synthetic_train_audio/22983/8ab966bd1c3845579631abce6fa61dcc.wav,22983
synthetic_train_audio/22983/9560f1a9e30c4c97afc60617090db099.wav,22983
synthetic_train_audio/22983/9828de0a2bbb41188805f1ea0e84c6c7.wav,22983
synthetic_train_audio/22983/99fcacf191b14cfcb9f632d555f18330.wav,22983
synthetic_train_audio/22983/9a46c8b9cb5e425eb29f6a3a60b3b694.wav,22983
synthetic_train_audio/22983/9aa4c5fedff54ca588890750945a7a13.wav,22983
synthetic_train_audio/22983/9b4656957a274f26bbd1f83fbd032ef7.wav,22983
synthetic_train_audio/22983/9eda58a8b61743d9a9cb68c0605a65cd.wav,22983
synthetic_train_audio/22983/a0193da9f11449a4b4cbfa87c79d53bf.wav,22983
synthetic_train_audio/22983/a08a5c192aee464bb2d8b9050c4a8485.wav,22983
synthetic_train_audio/22983/a14ed33e699b40199cd18031cdcadf52.wav,22983
synthetic_train_audio/22983/a1c6a0a062ce4c32b8eff4ec9fa3e004.wav,22983
synthetic_train_audio/22983/a853515da0ee4652aaf4ba73acf56b2c.wav,22983
synthetic_train_audio/22983/ac61a1fbd00e45b380a6c666ae849daf.wav,22983
synthetic_train_audio/22983/ae692017c3474c3cbdbbf68aa4a1af8d.wav,22983
synthetic_train_audio/22983/b2e7b553c4894f479088ec514a36f570.wav,22983
synthetic_train_audio/22983/b3a8777afbe44758bd061febfe5a6113.wav,22983
synthetic_train_audio/22983/b60e51c2cc684702918a07dd36e12c0f.wav,22983
synthetic_train_audio/22983/b71b6282f11b41efaf0afe69c59db3e7.wav,22983
synthetic_train_audio/22983/c03393d3a74241aa9d981a5347a26575.wav,22983
synthetic_train_audio/22983/c062c64ee50649abaa93b2ff8151a2e2.wav,22983
synthetic_train_audio/22983/c2cb04b3506e401ea7fc39be9831daa9.wav,22983
synthetic_train_audio/22983/c339da5b5a81451f9842e28f3a0eed09.wav,22983
synthetic_train_audio/22983/c5d04938af6c44f9bc19d04ad5cc6920.wav,22983
synthetic_train_audio/22983/c7699b72210241ab9e9a57d2ffa01ca8.wav,22983
synthetic_train_audio/22983/cc33f929756f465aa9e78ac832114735.wav,22983
synthetic_train_audio/22983/cfc93c7098ea4844bb9816c858d2bd21.wav,22983
synthetic_train_audio/22983/d46f1df62dce431e86c5178f3cc3fee3.wav,22983
synthetic_train_audio/22983/d5c3854eef1a4fbc873df3372d30fdf1.wav,22983
synthetic_train_audio/22983/d6cef24aa02948a2854290ebdfa4e864.wav,22983
synthetic_train_audio/22983/d6f094b486464cd0a5f78743ea2cb322.wav,22983
synthetic_train_audio/22983/d731dd1008dc47b3bfa65fa97c193e9a.wav,22983
synthetic_train_audio/22983/d98ccce90daf436c8bc31edcb057af0e.wav,22983
synthetic_train_audio/22983/db340f96f87b46e1b4e8b8cf629bc6e9.wav,22983
synthetic_train_audio/22983/e06df9d6824b4d7bad66c5af3543716a.wav,22983
synthetic_train_audio/22983/e10a2007a92f4522bbf7fc2bf118dc41.wav,22983
synthetic_train_audio/22983/e52b07a6ee364e9e9971f1a49b0d8145.wav,22983
synthetic_train_audio/22983/ebc596a67aa54798a86eb2fd15f04cdd.wav,22983
synthetic_train_audio/22983/f020879b673543b6b4d06cdade26c5d6.wav,22983
synthetic_train_audio/22983/f4f9842c37174f40b2aa1d9583a0993e.wav,22983
synthetic_train_audio/22983/f9ef842c47c74e0eb2dd4697db248aef.wav,22983
synthetic_train_audio/22983/fa40d78a69c24fe8b6ab0b4f9c794a44.wav,22983
synthetic_train_audio/22983/fb3189268a4f40888fc246f2b169983c.wav,22983
synthetic_train_audio/22983/fdebf1cd5fde4361bf2be084cffb1a96.wav,22983
synthetic_train_audio/22985/06865ddda8f94320a7663ea162f846c7.wav,22985
synthetic_train_audio/22985/0caa0e1acd7b45a883994252a58d97c2.wav,22985
synthetic_train_audio/22985/0cc6291086ba4bf9b2332c08e39fb36d.wav,22985
synthetic_train_audio/22985/168dd6ca3f304569b524305c42fb83dc.wav,22985
synthetic_train_audio/22985/1af18c24c5374e89b1205846e69e44be.wav,22985
synthetic_train_audio/22985/1d7f78a7e14c48f08983dac98742fdca.wav,22985
synthetic_train_audio/22985/21d42cc64f594ec185003784c0a77e75.wav,22985
synthetic_train_audio/22985/26d59cfc8d4d4dcfb0852cef13db1073.wav,22985
synthetic_train_audio/22985/27e626611ebc4752aeba613b23300c38.wav,22985
synthetic_train_audio/22985/2a0a8bd7e35647b7ae36bc4c5814c374.wav,22985
synthetic_train_audio/22985/2cb7f14c6c874e38b0e97c738f1fe087.wav,22985
synthetic_train_audio/22985/2cbaac06730541aca507545d3ea59652.wav,22985
synthetic_train_audio/22985/2dcb60e79d424d4a821b37423b619d69.wav,22985
synthetic_train_audio/22985/2e1366b3b4a84aefa9a0e875453df37a.wav,22985
synthetic_train_audio/22985/2fb0fc339bdb4697bc111ec49755103d.wav,22985
synthetic_train_audio/22985/331496597b004332b9016e817f371f11.wav,22985
synthetic_train_audio/22985/343a3899655f417f9a4185387062223e.wav,22985
synthetic_train_audio/22985/3635eed5ee2443c3ab3def4de1c8a2f1.wav,22985
synthetic_train_audio/22985/36a00fdd3ecb47c088bcf41aa999c9f6.wav,22985
synthetic_train_audio/22985/3874da881d9248b48c7b18393c22abbe.wav,22985
synthetic_train_audio/22985/3fdae014406a4ca38a0907a6f3fbea38.wav,22985
synthetic_train_audio/22985/424d9390245840fcb7a8a48fe976dc4a.wav,22985
synthetic_train_audio/22985/43c51b6c0f0b40edb9db09ad9c013d66.wav,22985
synthetic_train_audio/22985/47a42fc447fc4c4c8f1a49d0dd2384bb.wav,22985
synthetic_train_audio/22985/487ab5c016d94708b369907665a2c6ca.wav,22985
synthetic_train_audio/22985/4a9414e747b841f18e20bb965b8556bd.wav,22985
synthetic_train_audio/22985/4fa3b37b2f394d7ab8dfaf77267f69f2.wav,22985
synthetic_train_audio/22985/514cdf7b270640f995d3707312159ef0.wav,22985
synthetic_train_audio/22985/5342a7f6861f4c2bbb710b9764a0ab6d.wav,22985
synthetic_train_audio/22985/570aeb0234b841d4b2428f1c276079cc.wav,22985
synthetic_train_audio/22985/588803d9a7884c9faf164dfb8f5c4282.wav,22985
synthetic_train_audio/22985/5a61326e75ba4dbaaf57937d5f88f0f6.wav,22985
synthetic_train_audio/22985/5c56a4a2bc73425bb13b61dcbde6fa3c.wav,22985
synthetic_train_audio/22985/5cb03f2ef4ca49638b12796d3aa7dac2.wav,22985
synthetic_train_audio/22985/5d88e3abcdc94f7895473794b4ae438a.wav,22985
synthetic_train_audio/22985/5e60033fcc4c4c2e82487800c95ff9b7.wav,22985
synthetic_train_audio/22985/62cedf7bf7654f0f980618a8af048360.wav,22985
synthetic_train_audio/22985/65603053f3e24094b546dffc670f3b82.wav,22985
synthetic_train_audio/22985/66dec738ee1742fcb061f721ebd39509.wav,22985
synthetic_train_audio/22985/67640b4d1dee464887d3b007fe8f75a3.wav,22985
synthetic_train_audio/22985/6abce6961e2347eb98e6442bcb1fd2c6.wav,22985
synthetic_train_audio/22985/6b6501dd22334a87abd76b3a6b41e2e4.wav,22985
synthetic_train_audio/22985/766ee20366144d9b9299d4e24f110358.wav,22985
synthetic_train_audio/22985/7a413d0dc0a6451bb5dad3e5ccab1835.wav,22985
synthetic_train_audio/22985/7d1a418c9e6143a3b802189c83943779.wav,22985
synthetic_train_audio/22985/81233665ac0a435c9df5c9e7c9e05f73.wav,22985
synthetic_train_audio/22985/865df8d1f6184c528f47285e64133a3e.wav,22985
synthetic_train_audio/22985/8c327cb138d94b789397e5d2bd0e864f.wav,22985
synthetic_train_audio/22985/8cbcfe6b16e4444db61343b94e64b186.wav,22985
synthetic_train_audio/22985/8fd5bbb249dc4bff969c395e2924b9ae.wav,22985
synthetic_train_audio/22985/90bd736065424482849ea68d6b337ef5.wav,22985
synthetic_train_audio/22985/916ed70dcd154e95b23477373817e24e.wav,22985
synthetic_train_audio/22985/9b83187692b743a5a158daa611178180.wav,22985
synthetic_train_audio/22985/a050ec34bbbd40269e43d9082cc5fb0f.wav,22985
synthetic_train_audio/22985/a05ca0bf64e844d487022a7d094e464b.wav,22985
synthetic_train_audio/22985/a0871552715d45ada398d7590bc532d9.wav,22985
synthetic_train_audio/22985/a161f11dde26403dbd291170b8b4b6c9.wav,22985
synthetic_train_audio/22985/a21e9c037c0d4077bacbb10b340992f4.wav,22985
synthetic_train_audio/22985/a5ba117dfcee460aa7716b165518cddb.wav,22985
synthetic_train_audio/22985/a90fa62c69d34868946d2229bf82adb5.wav,22985
synthetic_train_audio/22985/b4df209a24d14acab5f29ad29cf76275.wav,22985
synthetic_train_audio/22985/b6d6d4df87874bd0ab4da981a19417a1.wav,22985
synthetic_train_audio/22985/ba4e28053dce4a24a80beffc53931421.wav,22985
synthetic_train_audio/22985/bc5f25c9775c44b78c062f92e2d95ced.wav,22985
synthetic_train_audio/22985/bcf26f9f5f93486eb7d522c96e6d7042.wav,22985
synthetic_train_audio/22985/bf6246ce518f44758bcbce0f32cac090.wav,22985
synthetic_train_audio/22985/c0dcf3bdb4f3496ead14a66600e54d2a.wav,22985
synthetic_train_audio/22985/c4276a5de2f648b393d48ee7094fd052.wav,22985
synthetic_train_audio/22985/c4859f8e43e4440bb1a194abf7a9cd63.wav,22985
synthetic_train_audio/22985/c6913fc7cd5a418fabc8d542d262a9e4.wav,22985
synthetic_train_audio/22985/c7eb81d6d303497e8a3319c9189559fd.wav,22985
synthetic_train_audio/22985/c8f5fd02fd6049d0a910946f43e0d572.wav,22985
synthetic_train_audio/22985/ca0200478dfc482b8c9278dc362673f1.wav,22985
synthetic_train_audio/22985/caf02ea506eb44e39fa9526b49b35ca7.wav,22985
synthetic_train_audio/22985/cd688ad5598344549f362088b8edf3fc.wav,22985
synthetic_train_audio/22985/cefe601563104ddfaf6a370ed09e8c6c.wav,22985
synthetic_train_audio/22985/d38b29291316485a8b324b1d36df6d23.wav,22985
synthetic_train_audio/22985/d5fb47ece706414db97b65e5923aa172.wav,22985
synthetic_train_audio/22985/d82d32a820fb4e0fbae8303e76983893.wav,22985
synthetic_train_audio/22985/dccd6b71cd4e40168ef0d81666fe9351.wav,22985
synthetic_train_audio/22985/de72f1b7cefa4038837fafaa8c50c0cb.wav,22985
synthetic_train_audio/22985/e77c2141e2d741669bb0538a2657a653.wav,22985
synthetic_train_audio/22985/ef145b3b30ba49f5b4db844c9688687d.wav,22985
synthetic_train_audio/22985/f01df9d97ee5442a8ad50fd1123a368e.wav,22985
synthetic_train_audio/22985/f36e3adc760747e3b4ae8c89ab6148c6.wav,22985
synthetic_train_audio/22985/f39d206f0d4546bb9bedb976a38295cd.wav,22985
synthetic_train_audio/22985/f442d9ea00bd4167811996ea1c9bb3e5.wav,22985
synthetic_train_audio/22985/f599a7c11ba14c27812b0b892da9cbbd.wav,22985
synthetic_train_audio/22985/f6842a43c4c143b49cefe16f963242a0.wav,22985
synthetic_train_audio/22985/f75e5b8ce5984f6aa61ef25248ff6209.wav,22985
synthetic_train_audio/22985/f79a92870f4d4b968f8a110d7e8a430e.wav,22985
synthetic_train_audio/22985/f8bfab4f6cb9495098f57875283ea971.wav,22985
synthetic_train_audio/22985/fbe57c86f98948f59a8a2a246bfceffd.wav,22985
synthetic_train_audio/22985/febc23a20e674c87a067969621961c35.wav,22985
synthetic_train_audio/22985/fec812cbbd3e4d7cbe62e8c73c0e7814.wav,22985
synthetic_train_audio/23150/0175d16395ac4f9ab456721f80169d21.wav,23150
synthetic_train_audio/23150/01f079a2a1174cc4a0685c869c286dee.wav,23150
synthetic_train_audio/23150/04a2c52cd8b24f53bff41652f0bf8fe3.wav,23150
synthetic_train_audio/23150/08810b16ab344f5a85849538d0c3ae0b.wav,23150
synthetic_train_audio/23150/0a28050d76a64395b1340af58c2211b4.wav,23150
synthetic_train_audio/23150/0cb3c46ddab641e19db9aabf078c78ef.wav,23150
synthetic_train_audio/23150/0cf017df28174bad9992a72cf5f7a153.wav,23150
synthetic_train_audio/23150/10fb57101c094215b70b6549d2ee129b.wav,23150
synthetic_train_audio/23150/119c2f22244041b69e73c74fd395a476.wav,23150
synthetic_train_audio/23150/11fb3634cffe4ee3afa6b625775df94c.wav,23150
synthetic_train_audio/23150/17a489641fda4a8eac04d425ca6bb3f5.wav,23150
synthetic_train_audio/23150/191153320e0d4768b86390732793377c.wav,23150
synthetic_train_audio/23150/1d3ed7f85ff9453c9907fbc29e379427.wav,23150
synthetic_train_audio/23150/1fec6d57c4af4d688e59c64c3f6eadaa.wav,23150
synthetic_train_audio/23150/21f064232449451599bef97b954b63d1.wav,23150
synthetic_train_audio/23150/220021654b784b379516f9e4be6ddcca.wav,23150
synthetic_train_audio/23150/25fceecfcc454c6d92099529f2ca8c5b.wav,23150
synthetic_train_audio/23150/2839a90075e94efcbbc7638c25eec336.wav,23150
synthetic_train_audio/23150/28900db49b204426b707c2a6938cd0d4.wav,23150
synthetic_train_audio/23150/301647a3077d4a98975804358d2e4ca2.wav,23150
synthetic_train_audio/23150/367f8d801ce5437eb6b20d3ef5a40ea0.wav,23150
synthetic_train_audio/23150/3b79955907b449ffaeaf1ec07bb09c8a.wav,23150
synthetic_train_audio/23150/4205b0bc04d540eebe227a4bacc5c725.wav,23150
synthetic_train_audio/23150/472307abdb11441e9c8d5f1ff61bb4b2.wav,23150
synthetic_train_audio/23150/490072bc1b6e4858ba41c20a8ddd06ce.wav,23150
synthetic_train_audio/23150/4c917d6120fa49d5b7c834f7dc586f4b.wav,23150
synthetic_train_audio/23150/512c3cc698d14bb6a563fe9f0c38a94a.wav,23150
synthetic_train_audio/23150/524b0e9dc5984fe28b177050a99e02de.wav,23150
synthetic_train_audio/23150/52eb4fad44cc465d957ce50419451c7f.wav,23150
synthetic_train_audio/23150/5757e827111f418ab2fa4a1aeedce9c3.wav,23150
synthetic_train_audio/23150/57c3b1f264a64154a9232d009905c32f.wav,23150
synthetic_train_audio/23150/57f6fee97d4f45bdaf67346904921d2c.wav,23150
synthetic_train_audio/23150/5892effba558402eafa5e39c720f2e9b.wav,23150
synthetic_train_audio/23150/5a05bf9704404df593f854d288036dc1.wav,23150
synthetic_train_audio/23150/613c4519298c4e378a0ffeef98972c71.wav,23150
synthetic_train_audio/23150/61a25a3c21c2492abd484d49b5dcc48a.wav,23150
synthetic_train_audio/23150/61d6fe9177984bfdbf662bc8187fe6a5.wav,23150
synthetic_train_audio/23150/63e971e7619e440b979e0bf99c890a77.wav,23150
synthetic_train_audio/23150/662795e4aede4361bdbe35e48b64f984.wav,23150
synthetic_train_audio/23150/6c73c855794d4a7db8a052f045647c6d.wav,23150
synthetic_train_audio/23150/6ce484d65bc64654bec09cf4e24b7ed3.wav,23150
synthetic_train_audio/23150/6f0303343a2644e7ae7c01aa03e328f0.wav,23150
synthetic_train_audio/23150/70891e72ea644381b1135eb016f3bc41.wav,23150
synthetic_train_audio/23150/7151a4939ac94954a5d81ca5a6899c46.wav,23150
synthetic_train_audio/23150/71abe343c69e4be1b0852a1d62496ef9.wav,23150
synthetic_train_audio/23150/768dadc7b6ab4a7ea46db840f9bdc8af.wav,23150
synthetic_train_audio/23150/79510ea6f9cb4b3888c206813989df17.wav,23150
synthetic_train_audio/23150/7a2755fc2fb74eef8bdb0b0b65c2004a.wav,23150
synthetic_train_audio/23150/7c642e8b5e744339bdf9e8f631825f02.wav,23150
synthetic_train_audio/23150/830da13a44134712bd3d64fd8548f44a.wav,23150
synthetic_train_audio/23150/866bf92ab1b445aa8f9055d1b40c6eed.wav,23150
synthetic_train_audio/23150/878ab617fc23436889d0aec790d67774.wav,23150
synthetic_train_audio/23150/8969750a6ff74844aed10a31714a7ff2.wav,23150
synthetic_train_audio/23150/8b037f72dcc5473798e13b6aa4b2ef7f.wav,23150
synthetic_train_audio/23150/8cff765bd73440d1b587f7234cda65f2.wav,23150
synthetic_train_audio/23150/8e3559ff5f8249d89316438b785db8d6.wav,23150
synthetic_train_audio/23150/8e887a704d034e5c912d63751f612372.wav,23150
synthetic_train_audio/23150/8edb1f23e8cb4807ae21d0f6fec92f4b.wav,23150
synthetic_train_audio/23150/90c3584215a04496af0e9b486a26ec0f.wav,23150
synthetic_train_audio/23150/910c085c59b44629a39ce12641a4c804.wav,23150
synthetic_train_audio/23150/928f4e67275a4e11a85fa8bae420e24d.wav,23150
synthetic_train_audio/23150/97cd5e5906f9439792d6b31ab1332e0a.wav,23150
synthetic_train_audio/23150/980db94b10e747bdbe625484dbed1ded.wav,23150
synthetic_train_audio/23150/99bf689317a747d1a50960879bd356be.wav,23150
synthetic_train_audio/23150/9edf6ae0f1ed42318e18eaf171b23c2f.wav,23150
synthetic_train_audio/23150/a15446b1cf1f40dd8830cc7639205732.wav,23150
synthetic_train_audio/23150/a371287acd02429cac98f04c3ff35e54.wav,23150
synthetic_train_audio/23150/a42e898cb1e443faa7d24154bcdcc207.wav,23150
synthetic_train_audio/23150/a6f4c8ed81a443e4821a49bba76a30a4.wav,23150
synthetic_train_audio/23150/a96c0cb0e84548eeb3bbb31afb737a8b.wav,23150
synthetic_train_audio/23150/ab3145919f644f0795ae49202bd90be6.wav,23150
synthetic_train_audio/23150/aebf2ab0f19142ea802b8d41db2264cc.wav,23150
synthetic_train_audio/23150/af667534e74b45f684a8d27f0f9eb296.wav,23150
synthetic_train_audio/23150/b45a47270ebf499aaefb162cb1ae3fb5.wav,23150
synthetic_train_audio/23150/b7dfeece5d1d4019ac3a7da224909c4b.wav,23150
synthetic_train_audio/23150/bd39ae0dc02645fcb2b52e16f74ff1e3.wav,23150
synthetic_train_audio/23150/bd51826c6d6545c2afcdbacfe1b3451c.wav,23150
synthetic_train_audio/23150/be81b570727e4dc3b8885ccc7cda7470.wav,23150
synthetic_train_audio/23150/bf7a3e6c3e08452b97176fc523c2fc30.wav,23150
synthetic_train_audio/23150/c2e484b2c9f54d9b8c937bc98c6e4231.wav,23150
synthetic_train_audio/23150/c35df10c5f804090ad81df566d91c5b4.wav,23150
synthetic_train_audio/23150/c3d4c6b6d39b4bce89c5611ef47b9583.wav,23150
synthetic_train_audio/23150/c4c20b29c5184ee79365ff0abafe61b9.wav,23150
synthetic_train_audio/23150/c7275b03d8314a4f96f7ca463acbed6f.wav,23150
synthetic_train_audio/23150/c91909a30bf94de89e9bf3dd41c4fd25.wav,23150
synthetic_train_audio/23150/c9ddbe8fbb06494a9a30be87289ff765.wav,23150
synthetic_train_audio/23150/d1611e2b20574e0680bf6731d4d94639.wav,23150
synthetic_train_audio/23150/d33111f818214a3ab87a08a23dd9ed57.wav,23150
synthetic_train_audio/23150/d36cd936e30746bc8ee826760b7b1548.wav,23150
synthetic_train_audio/23150/d64fe7e4645e4193a0367dff8ef97086.wav,23150
synthetic_train_audio/23150/e057b31405934edbaaf2b2692265c8de.wav,23150
synthetic_train_audio/23150/e1d1ec3e6da445ef88ee5d3827d71ac4.wav,23150
synthetic_train_audio/23150/e399d11b77dc46768515ed7e8701d16c.wav,23150
synthetic_train_audio/23150/e490d64043524c4f8941c521dc643a72.wav,23150
synthetic_train_audio/23150/e852aca419ad484e8b96a7bb63defdd0.wav,23150
synthetic_train_audio/23150/eaa36191f7464764b6d748208ad1feb2.wav,23150
synthetic_train_audio/23150/ee0f343230e9425a9474c5111c0fc0f7.wav,23150
synthetic_train_audio/23150/ef7877ce0c76438f81e2bbf4a4a9914b.wav,23150
synthetic_train_audio/23150/f1fef074c5ef4d0891b2f16abd9348da.wav,23150
synthetic_train_audio/23150/f4088a57c3094e1c929d0dfd81e30f5d.wav,23150
synthetic_train_audio/23154/05d2840818c34898ade18637a1686946.wav,23154
synthetic_train_audio/23154/07ca117ec9894642bdfcfbf74bd66b96.wav,23154
synthetic_train_audio/23154/091c5c8baa8d4f39ad603c4441f5df77.wav,23154
synthetic_train_audio/23154/0c846636996441798ea49577d93112cf.wav,23154
synthetic_train_audio/23154/12d5620dc68843bdb7c094a566bbd1cf.wav,23154
synthetic_train_audio/23154/12dc627943544af48b86193601cb6661.wav,23154
synthetic_train_audio/23154/177e6b7da5894ff8aeba343c1578c575.wav,23154
synthetic_train_audio/23154/18ed548c1df3412caa3b308977075b88.wav,23154
synthetic_train_audio/23154/1931f95928124a84b37d0231feae723d.wav,23154
synthetic_train_audio/23154/19853f9169994ed3af911559c19803f8.wav,23154
synthetic_train_audio/23154/1ccf708da8ec46e4a96a5a4586d27532.wav,23154
synthetic_train_audio/23154/1da5c226d8224cc986c5db7d6f285604.wav,23154
synthetic_train_audio/23154/1fc33cc1e585458491b485b464bdb7ac.wav,23154
synthetic_train_audio/23154/205deee1e3754e638dbac63df9e61407.wav,23154
synthetic_train_audio/23154/22a1975379864cd99706ad604b47d87d.wav,23154
synthetic_train_audio/23154/2371e47082724fe9a8f1467ec818b52b.wav,23154
synthetic_train_audio/23154/25bbc77ad11b49a0882bb90790c64c2d.wav,23154
synthetic_train_audio/23154/29bcbfe964344d999b2b1c85c97d4006.wav,23154
synthetic_train_audio/23154/2ad43c986b4147db8e2a89ea0ed1ba17.wav,23154
synthetic_train_audio/23154/2e351256d1b042c4bf177076afc7304c.wav,23154
synthetic_train_audio/23154/32f6cdd523c54b1cb291ca275ada12df.wav,23154
synthetic_train_audio/23154/34aa11b3d30c402b9e972c0be5c9aa93.wav,23154
synthetic_train_audio/23154/3501463de8ce4b9d843e1173fbdb105b.wav,23154
synthetic_train_audio/23154/3d62053b30a540dc9b16b1027078d40b.wav,23154
synthetic_train_audio/23154/3d8714d3582f49e3aec7907b30ce523a.wav,23154
synthetic_train_audio/23154/3f3e58e1ce79448b9ef12defb1367e63.wav,23154
synthetic_train_audio/23154/47782b2a65f844ee94d1927822b632fb.wav,23154
synthetic_train_audio/23154/4bd14ccf23a14ad7a167cb93e7a11ffe.wav,23154
synthetic_train_audio/23154/534883b9df2b44a2bef7fd0f65cf6feb.wav,23154
synthetic_train_audio/23154/5387e5c82a41422a9f3ec0808e4bd7bf.wav,23154
synthetic_train_audio/23154/55111ba48ce9431b919f8722dd886da2.wav,23154
synthetic_train_audio/23154/5986883abafa4745ab0ef31a6da25c3d.wav,23154
synthetic_train_audio/23154/5b2865aa7e6e4975a42fe776c3421224.wav,23154
synthetic_train_audio/23154/5e30cf22ce044bc19301c602c664f784.wav,23154
synthetic_train_audio/23154/613600630a6c4bf492547bdedf3e882a.wav,23154
synthetic_train_audio/23154/67c31fd1f1c34923b83a7565f61f45f5.wav,23154
synthetic_train_audio/23154/6bacc35dcae747e789794e7b9b1c3a46.wav,23154
synthetic_train_audio/23154/6ce31d1dae1d4671a1bd1671f2bf487e.wav,23154
synthetic_train_audio/23154/75da3deb9ef7436f8f2118ac3fe054aa.wav,23154
synthetic_train_audio/23154/77bbc99a5ecf42c9ac7b8f1f03ec1c85.wav,23154
synthetic_train_audio/23154/7876ff254716495f9425407675ef0a51.wav,23154
synthetic_train_audio/23154/802d25da0ae2499d88163f8a48f53f90.wav,23154
synthetic_train_audio/23154/80813b8ecc9f4470ba547a4fb0785013.wav,23154
synthetic_train_audio/23154/82570461b2244a3e9997f3c21f33084c.wav,23154
synthetic_train_audio/23154/82adbaa9e15943dd85a6d884d070ada9.wav,23154
synthetic_train_audio/23154/865efbbb85ba4071b83c1080d2a37c3c.wav,23154
synthetic_train_audio/23154/8742b295c6a14670b7698e398157afd9.wav,23154
synthetic_train_audio/23154/8f90e2305e184b1f94fbc86d66f61dc5.wav,23154
synthetic_train_audio/23154/9164c5718d3b47dfb6906a822720abe3.wav,23154
synthetic_train_audio/23154/951663e836c74454943be26b851356cb.wav,23154
synthetic_train_audio/23154/95c9f1e46de749bdb9bca12fd14e6d13.wav,23154
synthetic_train_audio/23154/9aad1aa778704ec9b89ad553fd66c247.wav,23154
synthetic_train_audio/23154/9d6aa6ca18dd49c8a08d76ef25530f3c.wav,23154
synthetic_train_audio/23154/9fd3df8a89564795aade291fb8106b43.wav,23154
synthetic_train_audio/23154/9fdd1c5cece340eea69c31faad4177e4.wav,23154
synthetic_train_audio/23154/a14e2159a09e4652b2c9150077a6b2db.wav,23154
synthetic_train_audio/23154/a529e6ad61f34105aa7c71e835a3fb32.wav,23154
synthetic_train_audio/23154/a71f4662a35e445d890857a0929912f4.wav,23154
synthetic_train_audio/23154/a8ddb390a506471686f1ca4720e3a2e1.wav,23154
synthetic_train_audio/23154/ab386d5016db4209a5bb2501b0367b32.wav,23154
synthetic_train_audio/23154/acac9bfe068a41c6a29d98eb7fe51069.wav,23154
synthetic_train_audio/23154/adf459f143c443ef954ffb1190c0fe8c.wav,23154
synthetic_train_audio/23154/b047b3b5af9547aab8741f02be7a5d80.wav,23154
synthetic_train_audio/23154/bb6e3895274745d79c3587ba48b36e26.wav,23154
synthetic_train_audio/23154/bbe6cf39387c49328cb5785f365738a9.wav,23154
synthetic_train_audio/23154/c0263296ba0c49b7a6ad2fe30c05452d.wav,23154
synthetic_train_audio/23154/c1431c4736e349ab99b9b10ec895c00f.wav,23154
synthetic_train_audio/23154/c14d78858c12420f83cd0ed4fb31dbf3.wav,23154
synthetic_train_audio/23154/c585f529980f4861abb08e7c077ac1ae.wav,23154
synthetic_train_audio/23154/c6c53bd16fa64f598060435d4b3e27f4.wav,23154
synthetic_train_audio/23154/c988dac70ae647b08f27011f587b9caa.wav,23154
synthetic_train_audio/23154/ca975630ae594031bb534090274e9bc3.wav,23154
synthetic_train_audio/23154/cc9ae1ab26d84615a46edd2f3991176a.wav,23154
synthetic_train_audio/23154/cca80877e48e43c98042fced9a6261a2.wav,23154
synthetic_train_audio/23154/ccdd136a55994adbad7a66dc07c4d3c8.wav,23154
synthetic_train_audio/23154/cfd9eef505ce4f2eac70f4bffa7d7e68.wav,23154
synthetic_train_audio/23154/d16ee89ccdd044ce9ad0dd93dac6f4bc.wav,23154
synthetic_train_audio/23154/d49b134d3be145fead0d4a2fd6e36d3f.wav,23154
synthetic_train_audio/23154/d81279ec06334717b9cd881fc2634f01.wav,23154
synthetic_train_audio/23154/d9ffef814eb44ee58cc258f7049edaf8.wav,23154
synthetic_train_audio/23154/dce88985facd44f885f2ecf6bbae59ce.wav,23154
synthetic_train_audio/23154/dec7177365e74fd1b3c8bc415ca9c2ed.wav,23154
synthetic_train_audio/23154/e04cdbad8717432280d4a15fcfc57b6d.wav,23154
synthetic_train_audio/23154/e2608f1af18a4d91ae9b628923fae78f.wav,23154
synthetic_train_audio/23154/e68c06b981e449908ded6ad0af3e2439.wav,23154
synthetic_train_audio/23154/e8412f93634e4f0f9748cd4b0fb7f26c.wav,23154
synthetic_train_audio/23154/ebaf0981bbbe402c939f295660e9fb03.wav,23154
synthetic_train_audio/23154/ec6fc73e83d8486f80c565fc9b3f0d47.wav,23154
synthetic_train_audio/23154/ed9db5b6b94b46638bde4d1dd7a90cfb.wav,23154
synthetic_train_audio/23154/ee0713021216484d992f019b9e1fda42.wav,23154
synthetic_train_audio/23154/ef4715feb377417bbda5886cf7f2d0dc.wav,23154
synthetic_train_audio/23154/f2245784fd3f452ea3cbaf5531cb7e4e.wav,23154
synthetic_train_audio/23154/f4e23fd4a6e043228784a3518264835d.wav,23154
synthetic_train_audio/23154/f558ce792da1437ca90b822e899414cc.wav,23154
synthetic_train_audio/23154/fa5c0b5c81f74c848d5738d82697cb0a.wav,23154
synthetic_train_audio/23154/ffea824c47bb42c18ee66ccad46508ca.wav,23154
synthetic_train_audio/23158/030af5633e5e4e1dba1fe7cf389fcd9b.wav,23158
synthetic_train_audio/23158/03f2c4c24f2c49ea891292fec56ac5dc.wav,23158
synthetic_train_audio/23158/0e0a228f9e67431a8dd0e84ba4b557b4.wav,23158
synthetic_train_audio/23158/0f7d25e5f74845a6b5e6cfbaafba31f0.wav,23158
synthetic_train_audio/23158/13c0c701f13a450d8e3a8bab2d0b7c0e.wav,23158
synthetic_train_audio/23158/17f774c4067e460885de06032c4383f0.wav,23158
synthetic_train_audio/23158/18cc90cd63c241ef9337994a3111b29e.wav,23158
synthetic_train_audio/23158/1a0c976d3be14d31ad0768360a615a72.wav,23158
synthetic_train_audio/23158/212240f0330a468ca994a1d52e7ab22d.wav,23158
synthetic_train_audio/23158/219c1760979d44598b54f5004176cc40.wav,23158
synthetic_train_audio/23158/2586729ec9f641898523ef9dd6909475.wav,23158
synthetic_train_audio/23158/282da520c0554445808c336e6aee956f.wav,23158
synthetic_train_audio/23158/28b31929d66240138b5fce6407ea9252.wav,23158
synthetic_train_audio/23158/2ba1f82213b44866bfb661814efd47f9.wav,23158
synthetic_train_audio/23158/2f4bb16bc454443b81bb0523d0deedf0.wav,23158
synthetic_train_audio/23158/36dfe09f9d184b539f496d1369520c01.wav,23158
synthetic_train_audio/23158/38efbbe17ced48f095ffab905ccb99b6.wav,23158
synthetic_train_audio/23158/3fcfaf745ff0472996106d5a816711af.wav,23158
synthetic_train_audio/23158/411b191b538746bfa686fe83a323bc79.wav,23158
synthetic_train_audio/23158/42a02e9b36f043ac969ea059792ab7f2.wav,23158
synthetic_train_audio/23158/444cc767ed0243a3b6427c088e1b1ce6.wav,23158
synthetic_train_audio/23158/446474e6de4b42b6906834ca90fdd382.wav,23158
synthetic_train_audio/23158/4a2c9d49756d4dcf8d384a10de6e46da.wav,23158
synthetic_train_audio/23158/4b676c789f72474ba401df9be380b2f6.wav,23158
synthetic_train_audio/23158/4eccc23a7ac84089a87c697ff46457f4.wav,23158
synthetic_train_audio/23158/4fee6c38665c448abe0088d6f28826a8.wav,23158
synthetic_train_audio/23158/5b0bc4edd33148d698eaff9f146adaaf.wav,23158
synthetic_train_audio/23158/5c362d8a92fd445bad5a6f162d9debee.wav,23158
synthetic_train_audio/23158/5d196ec41c7b45cf88179d8ad1047877.wav,23158
synthetic_train_audio/23158/629ca10623e540d8ba0eafcaef5fdb35.wav,23158
synthetic_train_audio/23158/675c03b4ccc34290b7df5adf94380d8c.wav,23158
synthetic_train_audio/23158/697e25f333bc4c12b0e00d9df5b70174.wav,23158
synthetic_train_audio/23158/69a56f5cae2c436592f7ded8f2d8a277.wav,23158
synthetic_train_audio/23158/69e847c13f324ebd83ff73c9d870277e.wav,23158
synthetic_train_audio/23158/6b6a6d17af75490f8478d419402ce2a4.wav,23158
synthetic_train_audio/23158/709d1ce844bd4cf5a8677bb5ffe5a9dd.wav,23158
synthetic_train_audio/23158/7a9390d7515245cc8401183210521524.wav,23158
synthetic_train_audio/23158/7b49acc2472e428db47a60c0c5abedcb.wav,23158
synthetic_train_audio/23158/7dd31ace628f49199f9f8b732eeeb830.wav,23158
synthetic_train_audio/23158/8321c7ce4e3349669b3ac5fd8d1b3879.wav,23158
synthetic_train_audio/23158/83f40ca0b4a94c98a0891524240b449a.wav,23158
synthetic_train_audio/23158/8644ee057b1f4c1d8293bc8bf9e9d253.wav,23158
synthetic_train_audio/23158/8a262c44206f424e8dedf468629f5544.wav,23158
synthetic_train_audio/23158/8b0698e11fec42fc9555c3b772f9022c.wav,23158
synthetic_train_audio/23158/8c24f264de314c19ba21de6f1ff61cac.wav,23158
synthetic_train_audio/23158/90f5de1ca171438a882033278bfeca3b.wav,23158
synthetic_train_audio/23158/9165333710894b1a80054151eb246b7f.wav,23158
synthetic_train_audio/23158/93fa36484cd84a98a8607d6e3cbd1df8.wav,23158
synthetic_train_audio/23158/94a7e98633604f76ae053483e94167fd.wav,23158
synthetic_train_audio/23158/96392778705347979a6299c787618807.wav,23158
synthetic_train_audio/23158/9e66b70cd40f426d8251c252afa4e8d9.wav,23158
synthetic_train_audio/23158/9f8cc25749c4418193fb749d8fd0c188.wav,23158
synthetic_train_audio/23158/a0dcffe5869143e1af586fa32cfcde48.wav,23158
synthetic_train_audio/23158/a6d8864f3e074261987951fa049500cd.wav,23158
synthetic_train_audio/23158/a7dc573ebb804a97b12eb70dd52d3540.wav,23158
synthetic_train_audio/23158/aec620e49faa41689eae084d6d563c18.wav,23158
synthetic_train_audio/23158/b3c4b2ede9fd4b3380f52e30d6f8c992.wav,23158
synthetic_train_audio/23158/b495dd024f454bb2a90a745333a88cc9.wav,23158
synthetic_train_audio/23158/bb89519c9fc84f6fb2b153cc95a4001c.wav,23158
synthetic_train_audio/23158/be4dc82bcb984e189d842a979c289511.wav,23158
synthetic_train_audio/23158/c05f4bd969cd464592f984ccf1ee16af.wav,23158
synthetic_train_audio/23158/c33e1a234f544d2ea55cfc32da97c60b.wav,23158
synthetic_train_audio/23158/c3d64ce5bf2846c7b6ba45d413c3b776.wav,23158
synthetic_train_audio/23158/ca17ea7cfae9489b953e857f6c28ebae.wav,23158
synthetic_train_audio/23158/ced4b399c56b4a0a927c6ab55ede9b64.wav,23158
synthetic_train_audio/23158/d06abd8de1e84b2297b867f3f849f394.wav,23158
synthetic_train_audio/23158/d1f2f2e631764608abed64c6768b0d84.wav,23158
synthetic_train_audio/23158/d67f7f7ad71c4a2f9b18c89c2ab83529.wav,23158
synthetic_train_audio/23158/d8b7fc56db28433e91a42972f6d8f59d.wav,23158
synthetic_train_audio/23158/da13b724b9894c93a81a6b4aaa1b3c8c.wav,23158
synthetic_train_audio/23158/dd25f414dd3740f9aeb4fb1c024a63cd.wav,23158
synthetic_train_audio/23158/deb67edc6bc24ae6bc78fd585bb41eca.wav,23158
synthetic_train_audio/23158/df5cbc66e33449a4ad5a485092d7d383.wav,23158
synthetic_train_audio/23158/e532cab7cc2c45fdbd73d83e45ea41d1.wav,23158
synthetic_train_audio/23158/e6d1969afb474ae1a9d6a458ed126de3.wav,23158
synthetic_train_audio/23158/e79ff7e04c6649a19fb59b47c7f8dd2e.wav,23158
synthetic_train_audio/23158/ece521cd7684455f8b6e8e55b8849db8.wav,23158
synthetic_train_audio/23158/f08d0dc3e76f458eb3089d52ba082735.wav,23158
synthetic_train_audio/23158/f387d55ae13449fca97449531e5eac58.wav,23158
synthetic_train_audio/23158/f9bf3141e540466c97530cd71d180ba1.wav,23158
synthetic_train_audio/23176/045ca16ac9554325aeb75a8e707a0824.wav,23176
synthetic_train_audio/23176/0558527bf7f244f0990fc25ac9a0da31.wav,23176
synthetic_train_audio/23176/077b6c0b4b7e4416a551a4d5aae4cd0c.wav,23176
synthetic_train_audio/23176/0957e4b67b394a3881d22d9d68ddf660.wav,23176
synthetic_train_audio/23176/0addef761a7041f8943ee5002fa52017.wav,23176
synthetic_train_audio/23176/0cd61ad5ea2c4f50bba78e7121985a6f.wav,23176
synthetic_train_audio/23176/12407634d02c4c44a609fefcfda4bf1b.wav,23176
synthetic_train_audio/23176/14fd10e62d67407593f0b4316fdd4ecc.wav,23176
synthetic_train_audio/23176/1e290569fc8741748944c36f13e5d5d6.wav,23176
synthetic_train_audio/23176/1f099ce2e5bb4fc88496040c21a4b599.wav,23176
synthetic_train_audio/23176/2140f6779a2b4b5683eca47e5832a3cb.wav,23176
synthetic_train_audio/23176/22fde083f7494bdbaf10b49ceebb79cf.wav,23176
synthetic_train_audio/23176/2503ab4b996b43e1a56e22f63d62533c.wav,23176
synthetic_train_audio/23176/2a43d0dcf60049848b14b82b7d65a366.wav,23176
synthetic_train_audio/23176/2d717f438d65476789fefd8b6beb975f.wav,23176
synthetic_train_audio/23176/2e9a11b4c9ae4bbd957da07dc4ef0775.wav,23176
synthetic_train_audio/23176/3040d0ac8b474210895dc289a4a81c60.wav,23176
synthetic_train_audio/23176/31e717a938164191b99f681b1c59acae.wav,23176
synthetic_train_audio/23176/36951ac4318d4450a797d25f7ffe8654.wav,23176
synthetic_train_audio/23176/3925c8208a954dd8878a40570e49ebb1.wav,23176
synthetic_train_audio/23176/398366ca8a21420ba4480eb715e8e322.wav,23176
synthetic_train_audio/23176/3d6b7e6ba4774806919e7c860f8dd11d.wav,23176
synthetic_train_audio/23176/560791ad52154ec8913ec075cc253f4e.wav,23176
synthetic_train_audio/23176/597ea25ea33f447cb5da39c7e733b88a.wav,23176
synthetic_train_audio/23176/5c50377b6517422a91db89ec4880fee6.wav,23176
synthetic_train_audio/23176/5e4a6b874c6a425ebba64edc241ffa26.wav,23176
synthetic_train_audio/23176/607170ca36984b598217d5c3df09645e.wav,23176
synthetic_train_audio/23176/60d833603358427c9091880fba02ee42.wav,23176
synthetic_train_audio/23176/65f24c59e63a4f4794a0b82f279c8caf.wav,23176
synthetic_train_audio/23176/68e871cd0a1d441e902c0bf4ca343a1b.wav,23176
synthetic_train_audio/23176/69dd2f80b4a348fab98c93a6bc3c48c1.wav,23176
synthetic_train_audio/23176/6afba44eafab40788dabc36fb9360055.wav,23176
synthetic_train_audio/23176/6cd7217029b943dca4bc10294cb0b128.wav,23176
synthetic_train_audio/23176/74ccbb891dd946c59d002a1e1ffa9392.wav,23176
synthetic_train_audio/23176/766a100703de44d5ac479bb55b75f231.wav,23176
synthetic_train_audio/23176/77d27530828340d4a25df7e49e3c875b.wav,23176
synthetic_train_audio/23176/79153bc122ac408b899f8c33824ea405.wav,23176
synthetic_train_audio/23176/7c205084cce24fd7a2e0b4d3b907b2b0.wav,23176
synthetic_train_audio/23176/7db4198fc7fb4c5e8c8c7e68f2b48f13.wav,23176
synthetic_train_audio/23176/7f5e9834a81a462ba413b8dcd8b65e6e.wav,23176
synthetic_train_audio/23176/80a1128320614fd68ca432f25d320ca9.wav,23176
synthetic_train_audio/23176/84ea2491b34147a3818e4ed3c9aa1828.wav,23176
synthetic_train_audio/23176/903b2a7d33a74fa693a8513e19f3072e.wav,23176
synthetic_train_audio/23176/9382c5ce35a34a2489042467e6f9d828.wav,23176
synthetic_train_audio/23176/95439a209da94c5b8279430fa3dbe1fe.wav,23176
synthetic_train_audio/23176/9559359406f245e7942da42af715aa0d.wav,23176
synthetic_train_audio/23176/994fa4946c39463485dee49abde41210.wav,23176
synthetic_train_audio/23176/a1099f2f6c5e4da687e5289ec471ba3b.wav,23176
synthetic_train_audio/23176/a1e21fc61d7843ac932998881eb0424c.wav,23176
synthetic_train_audio/23176/a462ae515f704792a0e506e974304655.wav,23176
synthetic_train_audio/23176/a465ebec508e499dbfffe9531200c528.wav,23176
synthetic_train_audio/23176/a4bc6125cad24598b9dd869de07f0789.wav,23176
synthetic_train_audio/23176/a50d57669dec468eb56b2a9bcf9576cb.wav,23176
synthetic_train_audio/23176/a71c98839f4f45a1bd819beab384cf59.wav,23176
synthetic_train_audio/23176/a9e8752836db4a569736e7d3506e6feb.wav,23176
synthetic_train_audio/23176/aab91d35191c4d64b4c50ff9f3b356e6.wav,23176
synthetic_train_audio/23176/ab3283c4576145aaa47cdff4843b72f8.wav,23176
synthetic_train_audio/23176/ae67091842ba405a9bc691c8fff65d63.wav,23176
synthetic_train_audio/23176/bac1cad6c2964c51a728251a56c7d004.wav,23176
synthetic_train_audio/23176/bb7ba1be530d484cb665d5976d393dcb.wav,23176
synthetic_train_audio/23176/c07a13d6b7eb44d0995c0f9fd6f674cb.wav,23176
synthetic_train_audio/23176/c3116a6e71e74a3fa200efb6cbe6f6e2.wav,23176
synthetic_train_audio/23176/c663563936304857b377db09719cadc7.wav,23176
synthetic_train_audio/23176/c6a2f411094e4cb4b5296265ab67f15b.wav,23176
synthetic_train_audio/23176/c79d3d90af734b97bece68046ee192c8.wav,23176
synthetic_train_audio/23176/c815d10df7194a2d8cd8c9191a6287cb.wav,23176
synthetic_train_audio/23176/c968c23f9210406bbe3e1cb513b3ea1f.wav,23176
synthetic_train_audio/23176/cd153c948a544d27b1c5952731cbef70.wav,23176
synthetic_train_audio/23176/cd1756d2db33498b97702a5f548760a7.wav,23176
synthetic_train_audio/23176/cf7d5eaf1a0f4ef3a8c5775fc5cef0a8.wav,23176
synthetic_train_audio/23176/d0e67095f7f349cdb06d2a94d65644bd.wav,23176
synthetic_train_audio/23176/d0ff916c1de1425684ada7674fb5a96b.wav,23176
synthetic_train_audio/23176/d32c617d9cd94d41a24789e06d0b54a9.wav,23176
synthetic_train_audio/23176/d3a6d5adb7c2400fab3044f74903ea79.wav,23176
synthetic_train_audio/23176/d469ba9fc9cc43dfafee0e8aca55d0ec.wav,23176
synthetic_train_audio/23176/d65eaa01a14943cba7dfc7d198355f3b.wav,23176
synthetic_train_audio/23176/d68d720a6ef8465e96366d53092e5bba.wav,23176
synthetic_train_audio/23176/d7ea69ab9620453299463ab182833cf2.wav,23176
synthetic_train_audio/23176/d88f1fd0727f464b8821949e86899f47.wav,23176
synthetic_train_audio/23176/db18682ceddb49ad8abf6c2327843e99.wav,23176
synthetic_train_audio/23176/db5b56dd5ae34484a9eb6cc1c4d29a8e.wav,23176
synthetic_train_audio/23176/dc6bf025d61e4d2c8eec4c6e06cae608.wav,23176
synthetic_train_audio/23176/dc793a71e02c44a29bf64bb4e25e3789.wav,23176
synthetic_train_audio/23176/dc7a9e4f0f1145a3a8b6ac7eff5f9f82.wav,23176
synthetic_train_audio/23176/e189dc2e852f4c57b9944e32cc34483c.wav,23176
synthetic_train_audio/23176/e301313ed82743048ac4d0874885614f.wav,23176
synthetic_train_audio/23176/e81fa008d6104c52a40519e4d413b4c2.wav,23176
synthetic_train_audio/23176/e8297832b4a14a47995293659b04e953.wav,23176
synthetic_train_audio/23176/e9b32d8de60c44ddb7db7bfb49120547.wav,23176
synthetic_train_audio/23176/ec7b0c3310b14dc49043d4216361451f.wav,23176
synthetic_train_audio/23176/ed3e7cd14f984023b6b56377a929f531.wav,23176
synthetic_train_audio/23176/f10a67ba6a5f4062804c1d2ee7d2b03d.wav,23176
synthetic_train_audio/23176/f66e2de032e245ea899df2d09afab878.wav,23176
synthetic_train_audio/23176/f79578a59fe24bfabbca28233c6980a1.wav,23176
synthetic_train_audio/23176/f8f03e39e4cb450ab5aaacbd4471a20e.wav,23176
synthetic_train_audio/23176/fe8d86a7c01b4c509c5ef567d80cf36d.wav,23176
synthetic_train_audio/23176/ffe9ea5a387b4a2c91cfb1235b4cee82.wav,23176
synthetic_train_audio/23724/0182ca9ea3764aeea38f76e54fe97492.wav,23724
synthetic_train_audio/23724/022df901baeb420480f3345db83ab786.wav,23724
synthetic_train_audio/23724/06475a4506c142aea5eed5c2fc0119db.wav,23724
synthetic_train_audio/23724/08ec6f65a5734c22ac7752aa280ae9ef.wav,23724
synthetic_train_audio/23724/09a61b89a2354562a904415c173946f1.wav,23724
synthetic_train_audio/23724/0b3503c29bdb405eb92507ffb3ff4e79.wav,23724
synthetic_train_audio/23724/0d602240986f4efca0fc29c025a930a4.wav,23724
synthetic_train_audio/23724/0e359fc770c349ad893079768fb3665d.wav,23724
synthetic_train_audio/23724/11214d50034145739a8d8b1f7cd79717.wav,23724
synthetic_train_audio/23724/18ad2091d5ee444e98a20dff1002a1a4.wav,23724
synthetic_train_audio/23724/1a1322e464764478b3c1e003c7f78e63.wav,23724
synthetic_train_audio/23724/1a13e954354b4fd7848817d34f150564.wav,23724
synthetic_train_audio/23724/1b66dacab0a9494da1e3570bf12bd160.wav,23724
synthetic_train_audio/23724/1e1b3e70d541426d8239a6328d0be639.wav,23724
synthetic_train_audio/23724/21185b78fbaa462fa4174e9555083fa7.wav,23724
synthetic_train_audio/23724/2149a29a18b141e7993b9fa5d98d530c.wav,23724
synthetic_train_audio/23724/21afa60bd5c74d05a43daed5a6c2fac6.wav,23724
synthetic_train_audio/23724/21e654e44fbb4e97a913ba1bb3628d6a.wav,23724
synthetic_train_audio/23724/220255cb2197497394bb51a95b537e17.wav,23724
synthetic_train_audio/23724/2383b9f49031423787844c4c26649f61.wav,23724
synthetic_train_audio/23724/24d52190a5a74102ac3a8b7715ca2851.wav,23724
synthetic_train_audio/23724/26bbd62b5cf84fd5902799bf5a56233a.wav,23724
synthetic_train_audio/23724/29404a53542c4ba8b0ccd33c6185b646.wav,23724
synthetic_train_audio/23724/29834add99fe4faa84fa2c5f78fef0ef.wav,23724
synthetic_train_audio/23724/2b63ca6717c4409ea904fe9953710838.wav,23724
synthetic_train_audio/23724/2e765c0b5a0e40fb97e40f3812bc8327.wav,23724
synthetic_train_audio/23724/30c49c8357374997aed3eeb32028e282.wav,23724
synthetic_train_audio/23724/32488d331f7849328c0dd922c0d1bbaa.wav,23724
synthetic_train_audio/23724/37d651486764491fabf272df6adbcda2.wav,23724
synthetic_train_audio/23724/385f09ebb8f84c5f92f2d21755ab12ac.wav,23724
synthetic_train_audio/23724/427fde48f2534e15b68fdeff10171ca4.wav,23724
synthetic_train_audio/23724/487580574fe5464e90b591de0a76cccb.wav,23724
synthetic_train_audio/23724/491845d7c5624737a9a3772d8e59ff8c.wav,23724
synthetic_train_audio/23724/49e699d13d4a456fa4536869a12248eb.wav,23724
synthetic_train_audio/23724/49f2d1e1f87440c783e52dfa2a6659ba.wav,23724
synthetic_train_audio/23724/4b0d5ce6b02e433093c2ce11171fa8b2.wav,23724
synthetic_train_audio/23724/4d0d85549bd448928008a0f17574ddd1.wav,23724
synthetic_train_audio/23724/5064a5f82b1540b6bb3fb1a78418e9db.wav,23724
synthetic_train_audio/23724/51934fe48e3e4744a019623c958e09cf.wav,23724
synthetic_train_audio/23724/551879a8102c44aa8e762275298c3d4d.wav,23724
synthetic_train_audio/23724/569c051a53b44c03afb46a4742448728.wav,23724
synthetic_train_audio/23724/5a582962d57d4563b5938ef9359be505.wav,23724
synthetic_train_audio/23724/5c10cd9d03d243d099998c9c4f23647d.wav,23724
synthetic_train_audio/23724/5c5fab1c1a31490a92d86544a6845c76.wav,23724
synthetic_train_audio/23724/5f5736c0e9be47dea5fec784b623f0b0.wav,23724
synthetic_train_audio/23724/65a93fa698294b65977e3b6c074945a7.wav,23724
synthetic_train_audio/23724/6e271a7c93a0401e9b4f8cb11119847c.wav,23724
synthetic_train_audio/23724/6efadb711ffb4b1290e646fd307d0173.wav,23724
synthetic_train_audio/23724/6fbc49fad0f24d199d5a510d2eaedd29.wav,23724
synthetic_train_audio/23724/71da4e902430423390d6ef56b692a4eb.wav,23724
synthetic_train_audio/23724/76a789326250480a9b1abdab9fb7a085.wav,23724
synthetic_train_audio/23724/79f2fa2bfec24c58a4f5044347bb102d.wav,23724
synthetic_train_audio/23724/7b0008037c5448eabbeea76d0623e854.wav,23724
synthetic_train_audio/23724/7f0aa132bdea4c038c24640ec48e9117.wav,23724
synthetic_train_audio/23724/8127a2c14d9340a9bdd50c7b8e1ebe49.wav,23724
synthetic_train_audio/23724/82f8052c9f1f41c2b663c889c0df5635.wav,23724
synthetic_train_audio/23724/835e2d7caf3a411cafa03be7ab6e46d8.wav,23724
synthetic_train_audio/23724/8693327e0b0d4c6e81638bfaaa8322bb.wav,23724
synthetic_train_audio/23724/86abc7e4d25f4e2a98b1615579a220a7.wav,23724
synthetic_train_audio/23724/889100d4456e47459414afdfb7f828d9.wav,23724
synthetic_train_audio/23724/8c15732daea84b90afda35cc1682f08b.wav,23724
synthetic_train_audio/23724/8c38468bff6f419da1458808f98cf9d7.wav,23724
synthetic_train_audio/23724/96834a1cd89944579d88aff25cacfd7f.wav,23724
synthetic_train_audio/23724/9eef24166d5240cea2739ef21aa73f8a.wav,23724
synthetic_train_audio/23724/a8ac6db9c958473f8e19ecc11d5c1d01.wav,23724
synthetic_train_audio/23724/ab225341c32b4e58a6ef9399f7fab716.wav,23724
synthetic_train_audio/23724/af6db1f517044163826bf2876f253196.wav,23724
synthetic_train_audio/23724/b1897d5d50b340e4afce19727620ca44.wav,23724
synthetic_train_audio/23724/b24c5cb18c194bdba907d9b9bfa6bb85.wav,23724
synthetic_train_audio/23724/b3f690150c334446b07b37b397d9cd04.wav,23724
synthetic_train_audio/23724/b552181df6734b90aa612f21be713c48.wav,23724
synthetic_train_audio/23724/b6e9af8acfe5419da68bc4bab96c4752.wav,23724
synthetic_train_audio/23724/b704a301fca5443189e7f5f764cdc17d.wav,23724
synthetic_train_audio/23724/c2abb1daa73d47628116a02a5f82305a.wav,23724
synthetic_train_audio/23724/c9ff774d7ff6411c8e6c121dc4a087f8.wav,23724
synthetic_train_audio/23724/cb767ea749e2437f9d12313a26cfac23.wav,23724
synthetic_train_audio/23724/cda74940f2b5442c9402961f6c24acde.wav,23724
synthetic_train_audio/23724/d5464384e02d4a7da3011ac5626e75e7.wav,23724
synthetic_train_audio/23724/d80bdc9cf89047229d419dfa3d0f9fbb.wav,23724
synthetic_train_audio/23724/d93ba5134a8b4589989c6cb2e05bc057.wav,23724
synthetic_train_audio/23724/d9c2b525baef41e09470f979b4ad1253.wav,23724
synthetic_train_audio/23724/dafac217c8e54dba97e848e537f6bc3b.wav,23724
synthetic_train_audio/23724/de0a82dbc67d408e98e00fce4bd2b27f.wav,23724
synthetic_train_audio/23724/e01166f47db4414596cb3c5520812c72.wav,23724
synthetic_train_audio/23724/e0ba8bc665a5499c8edc8e9cecd7650e.wav,23724
synthetic_train_audio/23724/e299272f2e6348d68c270469649ed1dd.wav,23724
synthetic_train_audio/23724/e7cb497d8699456d9bc33e152caf7533.wav,23724
synthetic_train_audio/23724/ea001ad6bdb644a1bc2f0263607d26d5.wav,23724
synthetic_train_audio/23724/eaf959a3b33547c29df4ddd2669f2162.wav,23724
synthetic_train_audio/23724/eee6b32cb5624c6a82ee5bb03d77f581.wav,23724
synthetic_train_audio/23724/f1324c937e47479a8fdbbb2fee50614c.wav,23724
synthetic_train_audio/23724/f1c80f4cd725426389f36ffe676155e1.wav,23724
synthetic_train_audio/23724/f4011e5a780d4b089b1398b4bf572bf9.wav,23724
synthetic_train_audio/23724/f46b82878dcf49dfb2300ec5f69358fe.wav,23724
synthetic_train_audio/23724/f4eacb2562644d2bb1a9f981f06a9c29.wav,23724
synthetic_train_audio/23724/f5b4c877742047a7831871ddde387fe9.wav,23724
synthetic_train_audio/23724/f6f09de59ecc44caaca06700522932b3.wav,23724
synthetic_train_audio/23724/fdddf96ea2f74268ad79b1acd939033f.wav,23724
synthetic_train_audio/23724/fe59cfb09ed4403fb11dbfd794310d9e.wav,23724
synthetic_train_audio/23724/ff7d075ea5c84a059a2ee003bae0780f.wav,23724
synthetic_train_audio/24279/024ce5a7b3164997ad67ce18cc644fac.wav,24279
synthetic_train_audio/24279/078f0e161f6e4afba06f09406a3ed9e3.wav,24279
synthetic_train_audio/24279/08f9eb61920c4cf083662bb4c1f98239.wav,24279
synthetic_train_audio/24279/09558b9e79f347898f866ce4b8f2f20f.wav,24279
synthetic_train_audio/24279/125181c906754d71a49f614694c6aa76.wav,24279
synthetic_train_audio/24279/1912e5bbca504b3391ebef32e94297b5.wav,24279
synthetic_train_audio/24279/197db5caeb28469dac47a8df8c981a10.wav,24279
synthetic_train_audio/24279/1cf2227540934d8b8d42c74094707c02.wav,24279
synthetic_train_audio/24279/1ebe8838c10c45a1bdcb88fb4ceabedc.wav,24279
synthetic_train_audio/24279/24a3bb6ec60047d0a042a1108a15bd3e.wav,24279
synthetic_train_audio/24279/286c42d22b7049daaf2cf4c2e4d422c6.wav,24279
synthetic_train_audio/24279/29be6c4724a443b49d61e515aa94de3b.wav,24279
synthetic_train_audio/24279/35a20d15daf3471b9cc47f208c03c47b.wav,24279
synthetic_train_audio/24279/37d25152478f40bf9ca98dbd0823fe5b.wav,24279
synthetic_train_audio/24279/3a6296e78e9445dc8533d1c20e043816.wav,24279
synthetic_train_audio/24279/3de3aec24a7b43c38dcda9bbf164bde3.wav,24279
synthetic_train_audio/24279/4df4ea3bc083436c97f7e4b763c862d4.wav,24279
synthetic_train_audio/24279/4ed39e07036143b1bcba1c2a72112998.wav,24279
synthetic_train_audio/24279/4ee9d8c72e7e47cfbc47fb6328f119df.wav,24279
synthetic_train_audio/24279/4f84e8a77b6e4696acbfe3bddee37f94.wav,24279
synthetic_train_audio/24279/50874f3c2b8543e7927e5f2f67cdcb95.wav,24279
synthetic_train_audio/24279/5335e8359fa64fc48ecb2bac13feb1df.wav,24279
synthetic_train_audio/24279/53d25acde47f45f4a4ce330798ae4021.wav,24279
synthetic_train_audio/24279/570b50412a9d420fae55fba3dfa66fd8.wav,24279
synthetic_train_audio/24279/61dd326c94ec4b90975ea8b9cedd4535.wav,24279
synthetic_train_audio/24279/66dc599742b14efdabc8078ecadd9293.wav,24279
synthetic_train_audio/24279/7aeea4782e0e477ab53634a7325b55c6.wav,24279
synthetic_train_audio/24279/7d7feeee4e004b9e83fd63211a3a2d96.wav,24279
synthetic_train_audio/24279/860ea70b90d649249905e83de7c6349f.wav,24279
synthetic_train_audio/24279/8705c5668dbc4bcdba3e8f8abf1c26c4.wav,24279
synthetic_train_audio/24279/8aad9d4ad1bd459790417bf394230ad5.wav,24279
synthetic_train_audio/24279/8d396d92f1834f0baa87f7c390dc1bea.wav,24279
synthetic_train_audio/24279/8df3f41361004d3397c2d7c0f2780ed0.wav,24279
synthetic_train_audio/24279/9cd8c23d311a4c15acc2e74ac5302da9.wav,24279
synthetic_train_audio/24279/9d87f2304093464ab88c650d320f50c6.wav,24279
synthetic_train_audio/24279/9df232d4305b4ff1b4b80ad4596f5066.wav,24279
synthetic_train_audio/24279/a1171e5fd45449e9b75fbb1ac88fb357.wav,24279
synthetic_train_audio/24279/aa60957deca34587a2eadd2a65090f2f.wav,24279
synthetic_train_audio/24279/ad04744d63184bb5b683169eca7ecbaa.wav,24279
synthetic_train_audio/24279/af06ce8754ac4c0e832f8fdd3f00ad96.wav,24279
synthetic_train_audio/24279/b0a5d75c1e4645db86467a8f557e76b4.wav,24279
synthetic_train_audio/24279/b39a7481ffb241859800b84102f2d61c.wav,24279
synthetic_train_audio/24279/b490f278b44a4f33a78031510a2e1c10.wav,24279
synthetic_train_audio/24279/b566b538385e49d099cc7adbef1eacec.wav,24279
synthetic_train_audio/24279/bb35179b48c94d33b3575f188993d8b0.wav,24279
synthetic_train_audio/24279/bec6ce7d099c4dd6a9afe35ba894e4d2.wav,24279
synthetic_train_audio/24279/bfacf9f3d0f14452981f04abdbdb38f3.wav,24279
synthetic_train_audio/24279/c03f5e2ab1e84aba9272497bf0b4e757.wav,24279
synthetic_train_audio/24279/c3a99bcccf354fc1a4d1455575596fec.wav,24279
synthetic_train_audio/24279/ca5a66db6deb4243a6395c2ffd4d42c9.wav,24279
synthetic_train_audio/24279/cb0f718780df44eba0f199d0ff75141e.wav,24279
synthetic_train_audio/24279/cd3d19d6c0aa4ca29a059ca9ba08c151.wav,24279
synthetic_train_audio/24279/d0ff6ddb11b945859dcfc952ff2c958c.wav,24279
synthetic_train_audio/24279/d3c8031473ac45938bbb1698bffdb365.wav,24279
synthetic_train_audio/24279/df1d2f284eea4ea0825ace3c832a4c05.wav,24279
synthetic_train_audio/24279/e0a833d4c562411b92af04e088b40e8f.wav,24279
synthetic_train_audio/24279/e1be3f251832420a82c3e086ab11037d.wav,24279
synthetic_train_audio/24279/e350224d40f647a4bd346aee8c6782ca.wav,24279
synthetic_train_audio/24279/e36a999a7b4f43eda21cc15eecaac703.wav,24279
synthetic_train_audio/24279/e5042788aad643338bd8b8f01226b223.wav,24279
synthetic_train_audio/24279/f2dc2809709c48adbd346508bd76d648.wav,24279
synthetic_train_audio/24279/f336a412dbe948d78a7a038389173b5a.wav,24279
synthetic_train_audio/24279/fee663fe4f3b49929c648588ddeb679a.wav,24279
synthetic_train_audio/24285/00f499e431904720a3480edab04d3323.wav,24285
synthetic_train_audio/24285/022d74df5e2a45e7bb9730ab1f34fb22.wav,24285
synthetic_train_audio/24285/024fb31a883141829bfe4d4a3f22e177.wav,24285
synthetic_train_audio/24285/04628ce831e54ef797fae11d345af486.wav,24285
synthetic_train_audio/24285/05f6163d0fc24df88902f27f3d525279.wav,24285
synthetic_train_audio/24285/0c9a1d533ed84437b3634140609041eb.wav,24285
synthetic_train_audio/24285/0ebfe61d06304bdf91abbd996c631ddb.wav,24285
synthetic_train_audio/24285/0ed68e2410954d03a831cc9b0580713b.wav,24285
synthetic_train_audio/24285/1d0ea384b78145f2a3939065f3c8c889.wav,24285
synthetic_train_audio/24285/1f43ee414b914ae0a2cac9eeee2e55b1.wav,24285
synthetic_train_audio/24285/2bfa3b8459554ea6ae7dcf8a93d95421.wav,24285
synthetic_train_audio/24285/2d7120c1eab947e69ab7094e66af7576.wav,24285
synthetic_train_audio/24285/31fd07f05084411f924061479a998613.wav,24285
synthetic_train_audio/24285/32252fd9fefd435086eb544ff2eff827.wav,24285
synthetic_train_audio/24285/327f21380bc241678acd292518e9c466.wav,24285
synthetic_train_audio/24285/3322f9028c4747d6b38bbfcf3bf3c7f3.wav,24285
synthetic_train_audio/24285/3418add3a29f4f9398a2f1fd47ba0a7f.wav,24285
synthetic_train_audio/24285/35a639e2b97c4878a12a86162f4c38df.wav,24285
synthetic_train_audio/24285/36be832487174797b956d632614f39fd.wav,24285
synthetic_train_audio/24285/3b874b755a3b4376a057b56b7a77ac79.wav,24285
synthetic_train_audio/24285/3bcba1f0e93c4c7dbee183731b69d2fd.wav,24285
synthetic_train_audio/24285/46fdcada96c8471f81f326df553df5be.wav,24285
synthetic_train_audio/24285/49866a1c14904a8da2846b9518b4b7fa.wav,24285
synthetic_train_audio/24285/4e9602899c41417dae1ef4eb1f9937f5.wav,24285
synthetic_train_audio/24285/4f268a3d36044372a1f72d460950e90d.wav,24285
synthetic_train_audio/24285/5d4c7f95d8f340f1b973193dda1e61dd.wav,24285
synthetic_train_audio/24285/62f975ca72ae454d8fb1d332f091c9f2.wav,24285
synthetic_train_audio/24285/65ade169abf343a591acba9724585ad9.wav,24285
synthetic_train_audio/24285/67fc0f8dd9294911a5f0eb25782c8a96.wav,24285
synthetic_train_audio/24285/6af9fdc123b0429c9764f91a3e583ed2.wav,24285
synthetic_train_audio/24285/7204a2b3adfc41e0a850cbd23ca9b9ed.wav,24285
synthetic_train_audio/24285/733f7df98dec4385bb47d001d733b375.wav,24285
synthetic_train_audio/24285/77540eff21f94df4847c224536dbc8da.wav,24285
synthetic_train_audio/24285/7a24f527dc394d30aa93ae21cf04c672.wav,24285
synthetic_train_audio/24285/7aa247ef2cd2486187c99964d4e585db.wav,24285
synthetic_train_audio/24285/7dca4a14e56d4372addeeb2b129a0abb.wav,24285
synthetic_train_audio/24285/7dce88c81960461f82f369dd674b42bf.wav,24285
synthetic_train_audio/24285/8393b6d70d344219bedcec059b5a5501.wav,24285
synthetic_train_audio/24285/8ae48c03a91542819b6162eae2ff3858.wav,24285
synthetic_train_audio/24285/90bad357a375435189b459bcf343c3e6.wav,24285
synthetic_train_audio/24285/952a5c5e5e2f42679263663301668c6c.wav,24285
synthetic_train_audio/24285/9cc8a88b61d84543952ec75ce3db1050.wav,24285
synthetic_train_audio/24285/9e6877769fa04248a55444985a7197ee.wav,24285
synthetic_train_audio/24285/9ecac33d74154867b8b469694d74d678.wav,24285
synthetic_train_audio/24285/9fd53a59c4514cb982fb175216a133c0.wav,24285
synthetic_train_audio/24285/a069f9f035be4c5d8b406ef12d6124e6.wav,24285
synthetic_train_audio/24285/a0af467358944228bff5e78a586566db.wav,24285
synthetic_train_audio/24285/aa4f518024bd4bd6ab6f40552df6efee.wav,24285
synthetic_train_audio/24285/aaa475e4e9904e7f8f1c45a0bdcf71f3.wav,24285
synthetic_train_audio/24285/b0e6a960eb284ce797f9af2c5326e66a.wav,24285
synthetic_train_audio/24285/b356e4dd2b01491480e0b2dd1822f348.wav,24285
synthetic_train_audio/24285/b3f2e68faa18433dac713c56956e93b2.wav,24285
synthetic_train_audio/24285/b533d4d94c7b449ab70eda438347e01d.wav,24285
synthetic_train_audio/24285/b727f5a9c60a4bb5a408ecb2ebf43cfa.wav,24285
synthetic_train_audio/24285/bae173fce8d442bc93ccb9f0a83abed5.wav,24285
synthetic_train_audio/24285/be4367b083f94ca7853e57695c7a2d9a.wav,24285
synthetic_train_audio/24285/bfaddf7d66c84989964249cfdcb280a6.wav,24285
synthetic_train_audio/24285/c392ed57a9e8465086500471a3c19fd3.wav,24285
synthetic_train_audio/24285/c3f26ea5484e4a78bcfbe88a10d01965.wav,24285
synthetic_train_audio/24285/c67c6abd75144b74b0a13e51e5a7b70f.wav,24285
synthetic_train_audio/24285/c7e41dca733445a8a66854dd72dbab98.wav,24285
synthetic_train_audio/24285/ca6f260aa87a4cdb94dd91852dbb8187.wav,24285
synthetic_train_audio/24285/cc62245985f141cda75bbc653a59d565.wav,24285
synthetic_train_audio/24285/cda1188ab51e48d8ad72e2a05d0df2a4.wav,24285
synthetic_train_audio/24285/ceab9508654f4508beff1f5e53345882.wav,24285
synthetic_train_audio/24285/cf70b487de274e128a096faa1c056785.wav,24285
synthetic_train_audio/24285/d11c1c64e80042dd800887ca640b019f.wav,24285
synthetic_train_audio/24285/d803b0f411294cf593e19c7f219c1baa.wav,24285
synthetic_train_audio/24285/d9036c84ffdd4665a06461eac1c3b29d.wav,24285
synthetic_train_audio/24285/dce01070273f4065b1da3e059b2dfbd9.wav,24285
synthetic_train_audio/24285/dda698c842f9487aa956dbd01e6702e3.wav,24285
synthetic_train_audio/24285/e68d4bf6c1d347d68c66264e843697a9.wav,24285
synthetic_train_audio/24285/e78b05f7dee54fa58b82cf14ef78ca9a.wav,24285
synthetic_train_audio/24285/e8d726036bfc4de7abd88fd94fe195f4.wav,24285
synthetic_train_audio/24285/e919227a105d4cd5920ecaed72c4bddc.wav,24285
synthetic_train_audio/24285/e932c289d8d34f5e8f33e371854a7b88.wav,24285
synthetic_train_audio/24285/ea057c2a36c244298924e61d9bda8aee.wav,24285
synthetic_train_audio/24285/ecbbad248b4c415aba14b96e16cd631d.wav,24285
synthetic_train_audio/24285/f23e5d3957534b00a91594edd699336d.wav,24285
synthetic_train_audio/24285/f34390b7cb704e43a7515700bdda254d.wav,24285
synthetic_train_audio/24285/f422b71a29294710890f813b729daf25.wav,24285
synthetic_train_audio/24285/f5d1ec12f15f4d70980962c9ff6ea442.wav,24285
synthetic_train_audio/24285/f9930f57f04044c2b300ecc1932f9123.wav,24285
synthetic_train_audio/24285/fb4be075eb484db9b45b8d11b3ffdcd9.wav,24285
synthetic_train_audio/24285/fb8dff4ea4874271ba1b168aff972919.wav,24285
synthetic_train_audio/24287/00637b4fb9c04b848efabf6f7c974e9a.wav,24287
synthetic_train_audio/24287/035bd705fe124acca88bd5686df2217b.wav,24287
synthetic_train_audio/24287/0774385c37884198b6318aa325d1b0a9.wav,24287
synthetic_train_audio/24287/09c9eca45ae24011bcdf0aa9e1d1ee5c.wav,24287
synthetic_train_audio/24287/0e6e358898414cbe9f90d81a8e29e392.wav,24287
synthetic_train_audio/24287/10d0352dcf414b2ca65804d6e70b67f2.wav,24287
synthetic_train_audio/24287/17a410cfc8e949c293aab64dfcd26a05.wav,24287
synthetic_train_audio/24287/17d165f227c8476a8d373dd91d0af1fa.wav,24287
synthetic_train_audio/24287/19d52be8e1984d6790e6a98e97a86a7a.wav,24287
synthetic_train_audio/24287/20b7275a8dca4bb9af40f6911840efab.wav,24287
synthetic_train_audio/24287/2262b11ead384d6995a4d74e741149e1.wav,24287
synthetic_train_audio/24287/270f16acbc3d4b2a8c8c9cb2ba829fcb.wav,24287
synthetic_train_audio/24287/2de95b68a6dd49b4af5ef6a5ca64aebd.wav,24287
synthetic_train_audio/24287/31b06c7382664f509314e1fcea54d970.wav,24287
synthetic_train_audio/24287/3b475fcad09a4ea4be87b35902508217.wav,24287
synthetic_train_audio/24287/3bc62fbe48b1444b8238de4424019cdc.wav,24287
synthetic_train_audio/24287/3c24e54c8f404bc9a0d5f13ad5d9bb24.wav,24287
synthetic_train_audio/24287/3d1951b32e1b474eb7969c44007eab42.wav,24287
synthetic_train_audio/24287/40c43ab5fffa424682a570bc89bc2a99.wav,24287
synthetic_train_audio/24287/4176d8060626433fa15e3693a8a709fc.wav,24287
synthetic_train_audio/24287/4842272fe1e94d0d930f6cd67f1d0c06.wav,24287
synthetic_train_audio/24287/4dfbac18464c4252832533dace8269fd.wav,24287
synthetic_train_audio/24287/525ec2756d71475e987ef45a5a10879b.wav,24287
synthetic_train_audio/24287/541e31e2c4d549c58c8e22a5cadffb62.wav,24287
synthetic_train_audio/24287/5531b6f6a0bd47d2a35d44be0a6a0769.wav,24287
synthetic_train_audio/24287/557e856b7dc7413cafaa299c34b496c2.wav,24287
synthetic_train_audio/24287/55a8d71f7b804b518b9b4bcef4bbaa1f.wav,24287
synthetic_train_audio/24287/586227292f6d48e58d8aaf2c0d52f556.wav,24287
synthetic_train_audio/24287/5a96316d6ac84468a71ff784f0e78641.wav,24287
synthetic_train_audio/24287/5b2df37f85cc487eb8d2ff35a5da260e.wav,24287
synthetic_train_audio/24287/60d6a29339ef453a869eadd6862b2689.wav,24287
synthetic_train_audio/24287/6269b4a224854e07be9f7f0aefcfeec3.wav,24287
synthetic_train_audio/24287/646eb86f25a44be89480462a0621de0c.wav,24287
synthetic_train_audio/24287/6b022bdf83d24fa9bcf1d8023b34e348.wav,24287
synthetic_train_audio/24287/6fa2aa8c845146a3b513292faa27e58a.wav,24287
synthetic_train_audio/24287/732d7a9824f74c62813ab580e991083f.wav,24287
synthetic_train_audio/24287/7768991147f346aab548a341068d00eb.wav,24287
synthetic_train_audio/24287/77dfd2dec45447d0b0cb1dbc36c5f852.wav,24287
synthetic_train_audio/24287/782aefc73c3e41f7a8a61fa8a1c5600d.wav,24287
synthetic_train_audio/24287/7884a921d7f742ca81ad03da34d61a9b.wav,24287
synthetic_train_audio/24287/78c51678f5104ac099eb2f42837edc8e.wav,24287
synthetic_train_audio/24287/791e52e1c5a64f77b148d9ee5c43cdbe.wav,24287
synthetic_train_audio/24287/7920af82c3074c1c97398c90b89af498.wav,24287
synthetic_train_audio/24287/79ae3aed7a654c62b06bddeb04618841.wav,24287
synthetic_train_audio/24287/806116ccb16f4777a1d6150eb27acfce.wav,24287
synthetic_train_audio/24287/81421f0f0e2f4293ad2a2ca193dcbe84.wav,24287
synthetic_train_audio/24287/815bb4ccdf6d4deab71b397bdcadf102.wav,24287
synthetic_train_audio/24287/8165e7b0123c4376904915b4a5f03bcd.wav,24287
synthetic_train_audio/24287/821e5add07b747918bd9ec0200b6cfb4.wav,24287
synthetic_train_audio/24287/823e6c2657934236a51cf14b6f1894db.wav,24287
synthetic_train_audio/24287/8458eff4124f4f5b9b1113ee59ae18f8.wav,24287
synthetic_train_audio/24287/8bb0eee621fe44b8bc87bc237eed0356.wav,24287
synthetic_train_audio/24287/8d54515ed3e8488892a546c31791dde2.wav,24287
synthetic_train_audio/24287/8f8d06fe82e74ee8be2a70f2c826902c.wav,24287
synthetic_train_audio/24287/8fd4ac2f71b54fc3a58ed7590c6ad87c.wav,24287
synthetic_train_audio/24287/9070f945677e4c8c85187e542613152d.wav,24287
synthetic_train_audio/24287/9745efd407514c6188a92fc8e57a5ce2.wav,24287
synthetic_train_audio/24287/98a535dfd3674de4b0deed9b6d042052.wav,24287
synthetic_train_audio/24287/9e0c701a395a41a88be76189a61a5275.wav,24287
synthetic_train_audio/24287/9ecad2ec3e734bf19c147748ca33556b.wav,24287
synthetic_train_audio/24287/9f880bb6654f4f0db5dae7223a891439.wav,24287
synthetic_train_audio/24287/a5104d0514d54abc952c89dc7fc79e54.wav,24287
synthetic_train_audio/24287/a9d3c685db864c409aa797a0ed00067d.wav,24287
synthetic_train_audio/24287/b1f02f35ae994df28584e58c5b2ff9a6.wav,24287
synthetic_train_audio/24287/bc70e7ef8a724c239dee8e3653044b3f.wav,24287
synthetic_train_audio/24287/bd60dfe0dc9049bc96be85014ba11fd5.wav,24287
synthetic_train_audio/24287/c0dc37cd3d7742bf8181c3790b8d7184.wav,24287
synthetic_train_audio/24287/c38936800f1c402da38dbfc529ecbf22.wav,24287
synthetic_train_audio/24287/c4c688bae8e64d779b0a155179a31cf6.wav,24287
synthetic_train_audio/24287/c7af2fb19cb345a7be898180bf22224b.wav,24287
synthetic_train_audio/24287/c8b9893fa4194befbf00413491d4f787.wav,24287
synthetic_train_audio/24287/c945fe56fd274c6e8b21d2a2786a8c15.wav,24287
synthetic_train_audio/24287/cb30fc3eacbc4081a2d6b8ad92aa717c.wav,24287
synthetic_train_audio/24287/cc3bad4e065f408f8aebd4e9ccaf7a22.wav,24287
synthetic_train_audio/24287/d1de0a2a211e40bcaeef53e00e2b93f7.wav,24287
synthetic_train_audio/24287/d3e0bf690e1a43caa67426f5297bc00f.wav,24287
synthetic_train_audio/24287/d464563ed8c74156b8e456386ecd0b6b.wav,24287
synthetic_train_audio/24287/d65320f739844296aacc6105d5fc985f.wav,24287
synthetic_train_audio/24287/d78a8c72e34b43a4a19931beb53ec65d.wav,24287
synthetic_train_audio/24287/d8e1876b55ef45f9916f8591170ebf7d.wav,24287
synthetic_train_audio/24287/db86910c13624ee2a3c5d42934c15439.wav,24287
synthetic_train_audio/24287/dfd08c5c676449fbb3a3e4c2e2f4b573.wav,24287
synthetic_train_audio/24287/e028db981d3f46c08704da34014a94a9.wav,24287
synthetic_train_audio/24287/e4ac0b4c0eee4928b2062366293a5b22.wav,24287
synthetic_train_audio/24287/e5a00b3f1b394273adc7b6a2172cc100.wav,24287
synthetic_train_audio/24287/e740f0745da84a9daf998e1455f11bd0.wav,24287
synthetic_train_audio/24287/eb2dea60492748a08d72528760e65d21.wav,24287
synthetic_train_audio/24287/efdfa9c27f2f4a11b4065e26a616043f.wav,24287
synthetic_train_audio/24287/f113156bd8b641bfbefce156cee345df.wav,24287
synthetic_train_audio/24287/f50dd924b98e4ff5b58114b611c449d0.wav,24287
synthetic_train_audio/24287/f93b5907ea2b42bba90f16d983337a91.wav,24287
synthetic_train_audio/24321/007303c740694b7ca708722662641507.wav,24321
synthetic_train_audio/24321/048a3beecc8141fbb86785524f38bfb2.wav,24321
synthetic_train_audio/24321/09a74567128c4958b4c98bd5aff39744.wav,24321
synthetic_train_audio/24321/0b034204fe0a40f982f1bd8f43dc00e9.wav,24321
synthetic_train_audio/24321/1100e8be4a244013b0c06b30f25ff819.wav,24321
synthetic_train_audio/24321/180a539a649e42ed8f1a0ca0120102e7.wav,24321
synthetic_train_audio/24321/18f695a3fc234c6d825a8728bc68d128.wav,24321
synthetic_train_audio/24321/1c0b161aec3242218ddbe93b66be37bc.wav,24321
synthetic_train_audio/24321/1e5c896c7f924d50b1b71d698215409c.wav,24321
synthetic_train_audio/24321/1f6226bd92b9461887048ce4f1d102db.wav,24321
synthetic_train_audio/24321/1f706fc4917f44a79a1e45f9d1cea838.wav,24321
synthetic_train_audio/24321/224990d0e2bb4c06a0447f60fb396b56.wav,24321
synthetic_train_audio/24321/224d241102ca4d62b0c2bfb7634d446a.wav,24321
synthetic_train_audio/24321/231e4806bfe54519937b738b8f08c178.wav,24321
synthetic_train_audio/24321/25e2512392b44e79ae3bffd69ff24d78.wav,24321
synthetic_train_audio/24321/266079fab72c4cadacee3cc4b383eca3.wav,24321
synthetic_train_audio/24321/2fa93250c3b34672b9b4079482a45863.wav,24321
synthetic_train_audio/24321/35548f778fd64252a76e05d9366b82a4.wav,24321
synthetic_train_audio/24321/37027d265ec64062988bed512c0d8a09.wav,24321
synthetic_train_audio/24321/378c1de4655b4eae9f2b95159789a3a7.wav,24321
synthetic_train_audio/24321/387ef922471748aaac11f9d613f15743.wav,24321
synthetic_train_audio/24321/3b5720a3e0a240709ff80e21d8d91c05.wav,24321
synthetic_train_audio/24321/40819edeab27416185f3b1a0d813f4cb.wav,24321
synthetic_train_audio/24321/4466ce604bdb4e9ba8cc229cb974d8dc.wav,24321
synthetic_train_audio/24321/448b94c8105f47efa6187815251dfd9b.wav,24321
synthetic_train_audio/24321/45055ad1a19145cfaa2f7578c92e77bd.wav,24321
synthetic_train_audio/24321/4723030da4244f01b258f7a6ad4c93af.wav,24321
synthetic_train_audio/24321/481ef2a2955e4b9197b59cdb24a479e8.wav,24321
synthetic_train_audio/24321/4a46c84b91464fad9650aa857aad0024.wav,24321
synthetic_train_audio/24321/4b39d133ab79421391c6e836e44804af.wav,24321
synthetic_train_audio/24321/4dc6ec5502954c7bb16ee21dacf496d5.wav,24321
synthetic_train_audio/24321/4dfc45e2d5504735ac88f7b4dd82d04c.wav,24321
synthetic_train_audio/24321/4f1f8674d7bb41498660ac2015fe0104.wav,24321
synthetic_train_audio/24321/4f585f6eb509401a9b485fc7f17cd3e0.wav,24321
synthetic_train_audio/24321/4f605607778d48b88db8fa14d46e3882.wav,24321
synthetic_train_audio/24321/519b828dd7c7414b8b285762456f03b9.wav,24321
synthetic_train_audio/24321/51be2e75141444dbb90da0320362d11b.wav,24321
synthetic_train_audio/24321/52ae6dc81a8c46b69a953ad626c5d8fc.wav,24321
synthetic_train_audio/24321/562db0f9a2f24f29b8be14ec46c882b4.wav,24321
synthetic_train_audio/24321/5a46d13c59dc45758233c02b2dd854dc.wav,24321
synthetic_train_audio/24321/5abc1a52629a499b83ddc18a51796e22.wav,24321
synthetic_train_audio/24321/61c97d0ec0f9409491fff9ae12b30197.wav,24321
synthetic_train_audio/24321/6283ca2ae2a343ad85bfa3e6baf5e0be.wav,24321
synthetic_train_audio/24321/62acb2dec67a426d87ea6933a4bea9fd.wav,24321
synthetic_train_audio/24321/648fb5019fcd4283a0ff4e1aa239d271.wav,24321
synthetic_train_audio/24321/66b417fbffda472494d98a3fcb735088.wav,24321
synthetic_train_audio/24321/691669e7ab994845a25c7848ea1ea1cf.wav,24321
synthetic_train_audio/24321/6a492ab1cb5a46cd94682c3548f7fb6a.wav,24321
synthetic_train_audio/24321/6c6659c775ec4952bdb2c417de47ac4a.wav,24321
synthetic_train_audio/24321/6de46a86f34c4b7a86053e42204b5d17.wav,24321
synthetic_train_audio/24321/710cbf2d8ee442cfad7d77bdfc6d8591.wav,24321
synthetic_train_audio/24321/716c3f88aa4f4b44b5842371da89e424.wav,24321
synthetic_train_audio/24321/729fa1cb29f54960868f0e3d08b40fe5.wav,24321
synthetic_train_audio/24321/7740446b4dd3460d9906c523a662b293.wav,24321
synthetic_train_audio/24321/79187ae89b954ac88ad925cd27a37a36.wav,24321
synthetic_train_audio/24321/7a1fcd94e4ac4f6f9f64f2c17ad067d3.wav,24321
synthetic_train_audio/24321/8df8e9bf63a64737b2e2fc469ef6e530.wav,24321
synthetic_train_audio/24321/8fa6119f24d54261964a7c3ef6423e17.wav,24321
synthetic_train_audio/24321/94a403b7b5a34780aae32bafbd0af2a7.wav,24321
synthetic_train_audio/24321/964283e5c5cc4496a5f5654b32936dd4.wav,24321
synthetic_train_audio/24321/9d8c25e3562f482d863df60eb74d4f89.wav,24321
synthetic_train_audio/24321/a2e1c9e0e3a34ee88dfd688ae6eb20d6.wav,24321
synthetic_train_audio/24321/a4e57386de0c4db0b3ed23e2fde0bf74.wav,24321
synthetic_train_audio/24321/a741d3d278544f34acc10f75ae63c4a7.wav,24321
synthetic_train_audio/24321/a8ebaec65b2f4ee4a2bd57aeb653ba34.wav,24321
synthetic_train_audio/24321/a97ddc17885d4a1a8f08c50783b38bab.wav,24321
synthetic_train_audio/24321/b0bbaaa27f614fb799817158b7443d7d.wav,24321
synthetic_train_audio/24321/b0bf2b1dd5db4376a285609ba3402dec.wav,24321
synthetic_train_audio/24321/b0e9516f3eb14b85a3f31e287285bee1.wav,24321
synthetic_train_audio/24321/b30628433c2142b8bfb23eb3faa06644.wav,24321
synthetic_train_audio/24321/b4f9bf79586141658ecba03bee6d1faa.wav,24321
synthetic_train_audio/24321/b6781da0af724f55b262dc343b8094aa.wav,24321
synthetic_train_audio/24321/b8c65b2c923843d78ab9caee683fc467.wav,24321
synthetic_train_audio/24321/ba0e1f4806e445ad89f5b00e0a3f3d36.wav,24321
synthetic_train_audio/24321/be9188411ffe4aa6a672bfc9ce74859c.wav,24321
synthetic_train_audio/24321/bf4e5007a0b64cc09ec0ddc5a3a0ea63.wav,24321
synthetic_train_audio/24321/c435f2d38c2147d58097c4222d702eef.wav,24321
synthetic_train_audio/24321/c4b88e22c2cc4b889e2d9d95a5295254.wav,24321
synthetic_train_audio/24321/c5453e5ee9ac4849989ef07dc7e6c603.wav,24321
synthetic_train_audio/24321/ca5ae7158e184640844d32ce0fcb944b.wav,24321
synthetic_train_audio/24321/cbfa199dcc5e40d28fe431aeb8a853d3.wav,24321
synthetic_train_audio/24321/cd7a6fb08148406fbe8bf7287b549a2b.wav,24321
synthetic_train_audio/24321/d1c430ba85704e1cae3201b8f5d8c573.wav,24321
synthetic_train_audio/24321/d41de3c0f7c043d2800e8c268b431090.wav,24321
synthetic_train_audio/24321/d73149fce12f406ab3a5903bf3e0d795.wav,24321
synthetic_train_audio/24321/d769408bff4c4fd1af7550555f06e0db.wav,24321
synthetic_train_audio/24321/dc3b76fe765f459ab031024b1db4f63c.wav,24321
synthetic_train_audio/24321/dc87e99e95df452fa98f3199b428c3b1.wav,24321
synthetic_train_audio/24321/df7706ff223148cf9cdd4885b45d192d.wav,24321
synthetic_train_audio/24321/e1987f495fb7480cbfbbb06434b1d9bd.wav,24321
synthetic_train_audio/24321/e26eebbbcb9546d79969e58a2032b315.wav,24321
synthetic_train_audio/24321/e70d0c6af0c84523a3281b912bd5190f.wav,24321
synthetic_train_audio/24321/e7df1d75b77d4d93b586848428fbef00.wav,24321
synthetic_train_audio/24321/e8f6b2356d3a4b89ac6d6a0d84b18c85.wav,24321
synthetic_train_audio/24321/eb43ad0a620c40f88d4df925e3aee3ce.wav,24321
synthetic_train_audio/24321/f6d72bcff12c45aa966e02d70491479b.wav,24321
synthetic_train_audio/24321/fa93f92f34dd49fea01c4a121b5d480a.wav,24321
synthetic_train_audio/24321/fe73756cad2c44419cff1dd004a572ea.wav,24321
synthetic_train_audio/25092/007edf2301e042e1aa297b02e484a14f.wav,25092
synthetic_train_audio/25092/0086424fdd994147ac6aacdc297c804f.wav,25092
synthetic_train_audio/25092/0171ac55872b4f5695cc3189b18c120b.wav,25092
synthetic_train_audio/25092/037ab55395fc4053b3b41aed3d6525bf.wav,25092
synthetic_train_audio/25092/096c3258673f4116bdeec0a37c961e77.wav,25092
synthetic_train_audio/25092/0db10428bd8c45a08a685aad01ac8c3d.wav,25092
synthetic_train_audio/25092/0ee5add451ad460d94b43cef7c8d62a9.wav,25092
synthetic_train_audio/25092/0f71422dcb5c40788d3043c25806c4ab.wav,25092
synthetic_train_audio/25092/0fe47c033f4343bbaaba6df225cf64dc.wav,25092
synthetic_train_audio/25092/12f870899df640d7b386642961f3408c.wav,25092
synthetic_train_audio/25092/147ae6bb7f99481c8be456df3c8ac32d.wav,25092
synthetic_train_audio/25092/177c674442834b348323d4ea29b1bf88.wav,25092
synthetic_train_audio/25092/1a363fa7a41f43cca85cd1bdafa94a76.wav,25092
synthetic_train_audio/25092/1fa4170fde414e449efde7b4caafd8a5.wav,25092
synthetic_train_audio/25092/1fdc46f237bc4db29121488d14c9277d.wav,25092
synthetic_train_audio/25092/27d897af4eb446449150579befc8ff42.wav,25092
synthetic_train_audio/25092/2ddc70e4ad06472baac9dd5738df2432.wav,25092
synthetic_train_audio/25092/2e4acd04d4ab47d0908766a9f80f2da1.wav,25092
synthetic_train_audio/25092/3268bfb2d0cd4da3837b93395b5d0180.wav,25092
synthetic_train_audio/25092/41ee8eed86b04daf9e9249d6d0c86211.wav,25092
synthetic_train_audio/25092/47c123a3c00b4d10a0d6925769fac20c.wav,25092
synthetic_train_audio/25092/4cc9217fa520487787914518660f4ad8.wav,25092
synthetic_train_audio/25092/4d0ecf5ee30e46b28783681ebd742b1f.wav,25092
synthetic_train_audio/25092/4e9fa25c7edd4e1dbbd7a597f9bdb1d9.wav,25092
synthetic_train_audio/25092/504e9c9544894395a1fde012ed7128be.wav,25092
synthetic_train_audio/25092/530a4283d1d043059b080070320a34f2.wav,25092
synthetic_train_audio/25092/542d072dc93b4e168a6d4973a9bbe63d.wav,25092
synthetic_train_audio/25092/550dca1f73014d30aef21faeef870a05.wav,25092
synthetic_train_audio/25092/55c7c387c98e4a17b878bdf7f8df0174.wav,25092
synthetic_train_audio/25092/583a7a3670b542ac9a0d594c3c6e253d.wav,25092
synthetic_train_audio/25092/58d008b5205f408abe4dbdf413af8be2.wav,25092
synthetic_train_audio/25092/63ad33ff50d949a2865b3e2b51061356.wav,25092
synthetic_train_audio/25092/6579f3d19eba4675bf7e827f1bd6363d.wav,25092
synthetic_train_audio/25092/660e2dc3de194f97b044d3cc6c403d05.wav,25092
synthetic_train_audio/25092/6874bd3915c7488abce6e35d697ff64c.wav,25092
synthetic_train_audio/25092/6a2ac1809a124d9db413843229304c17.wav,25092
synthetic_train_audio/25092/6dd551ec47434337aa3071492228b034.wav,25092
synthetic_train_audio/25092/70d326eb450b439abcc212e87a79b209.wav,25092
synthetic_train_audio/25092/7feb758b51fd4be9a1bb33f4ed853cc1.wav,25092
synthetic_train_audio/25092/86b0df1b6970482da05cf9a5dd5f387d.wav,25092
synthetic_train_audio/25092/874b5042ee68458bae1970f5ae6b1610.wav,25092
synthetic_train_audio/25092/87d6b615b7dd462f81707dda5aa2a7b8.wav,25092
synthetic_train_audio/25092/884843f74c784bcb8e64ee103e223975.wav,25092
synthetic_train_audio/25092/8ebada7a40324ac5a2ec513263a486fe.wav,25092
synthetic_train_audio/25092/9118726c26bf45329e58f9b151ac1711.wav,25092
synthetic_train_audio/25092/91dbda113943489895c79b5906784806.wav,25092
synthetic_train_audio/25092/9301bd464fd84b408c270482849cfe8b.wav,25092
synthetic_train_audio/25092/931d933e35b44432ad2c84881d6bdeba.wav,25092
synthetic_train_audio/25092/97a01cc10c6747c9a9bfc18ca6a35206.wav,25092
synthetic_train_audio/25092/9be59e6b53804e13b9812221b4fb3756.wav,25092
synthetic_train_audio/25092/9fe13e2973824ebe9af82913fcfdfda0.wav,25092
synthetic_train_audio/25092/a04a108db5c8402884fd71c9b82f1e5d.wav,25092
synthetic_train_audio/25092/a157743d433c4aaaa85c8603a5fb5116.wav,25092
synthetic_train_audio/25092/a1e80dcf91b047588baff463a8b12394.wav,25092
synthetic_train_audio/25092/a3fbc2c660c64c819d0fb3bf01a8d6bd.wav,25092
synthetic_train_audio/25092/a6e4c96a11334e46bebe692de0bed399.wav,25092
synthetic_train_audio/25092/a9f46a0ee09a40b194803520ee350ca6.wav,25092
synthetic_train_audio/25092/aca39464b3394660abbfd534da86e558.wav,25092
synthetic_train_audio/25092/b0590a8dad3d46f3b32bbaafb1c21471.wav,25092
synthetic_train_audio/25092/b0f6c362cfe44e37a2604d2c02c2da80.wav,25092
synthetic_train_audio/25092/b32a5c75ed12469cbc0139f8e968fdea.wav,25092
synthetic_train_audio/25092/b338283576e14138b739d1e0bce75178.wav,25092
synthetic_train_audio/25092/b6587534ab774247846081c769bcac90.wav,25092
synthetic_train_audio/25092/b6c6b5ed6a6546e48596d5253ae4430e.wav,25092
synthetic_train_audio/25092/b9006c9171544851a3b6464b763aaae2.wav,25092
synthetic_train_audio/25092/b9d6855ae20b489c96bd553a3ce16e1e.wav,25092
synthetic_train_audio/25092/bcd4bfb9bae0430483fec749c1799198.wav,25092
synthetic_train_audio/25092/c5d23444fbf64c8683cb8a1f9605137f.wav,25092
synthetic_train_audio/25092/c6d8d02091c144788685560f9085ee16.wav,25092
synthetic_train_audio/25092/c77f5d881cef4b06b571b2b7f9195088.wav,25092
synthetic_train_audio/25092/cb88d8ff4680455d90fd85e379c3b6b7.wav,25092
synthetic_train_audio/25092/cf07ce1a935d4538896ec9761298b047.wav,25092
synthetic_train_audio/25092/cf5de8f4998c47f78a39d330ca45f679.wav,25092
synthetic_train_audio/25092/d1b63da11e2945b2ab223b64d09cd6a6.wav,25092
synthetic_train_audio/25092/e5a8575314ec4d0b84ad227723a89b51.wav,25092
synthetic_train_audio/25092/edc3535ea8704daf91a841ab6defb3ae.wav,25092
synthetic_train_audio/25092/f50ff78002244d66b770cc0b9e14975b.wav,25092
synthetic_train_audio/25092/f73d88dbc2074ecdb7b02fa506b196eb.wav,25092
synthetic_train_audio/25092/f7bdd90fd85f4221b137696e0aa83bf8.wav,25092
synthetic_train_audio/25214/010859c044cc4888bb3c68f3574d8102.wav,25214
synthetic_train_audio/25214/0458f1334fb64b248276df0304a838aa.wav,25214
synthetic_train_audio/25214/0e9a7ab7496b409fa2d092a5b5e59ff2.wav,25214
synthetic_train_audio/25214/0fea26e8696f4cbb96833718de95c536.wav,25214
synthetic_train_audio/25214/13101da7f519481c83068da97e2ddb48.wav,25214
synthetic_train_audio/25214/191e7763e7f047c9af5170b1d44017b7.wav,25214
synthetic_train_audio/25214/19230970bb404f00880b128dd20d89a3.wav,25214
synthetic_train_audio/25214/19ec2ef7b0e44d78be33487512cac073.wav,25214
synthetic_train_audio/25214/1bdb87ef2267435f8d5dd585eff94f7f.wav,25214
synthetic_train_audio/25214/2131fa33ac724afe93350ae7f62a2899.wav,25214
synthetic_train_audio/25214/23805b492ab540458597b0eb0a543b74.wav,25214
synthetic_train_audio/25214/2424e68833df4ea39d994f1713ca7fb8.wav,25214
synthetic_train_audio/25214/257b4ff04b6b41dbad5605f3b4e787e5.wav,25214
synthetic_train_audio/25214/29623810e95c4581be7d1160b2de3334.wav,25214
synthetic_train_audio/25214/2ce9cbf4330240ff81f1b8499f7d130d.wav,25214
synthetic_train_audio/25214/2dccb2a406a84f24910a2882d57004ed.wav,25214
synthetic_train_audio/25214/2e9f3b1ec16b4d2d867d6ce0ea4bc4e8.wav,25214
synthetic_train_audio/25214/2fbdf04373ca412c875fe0176a01476c.wav,25214
synthetic_train_audio/25214/2fc83f5eb6cb44a0949dda18fb28e163.wav,25214
synthetic_train_audio/25214/359b17949f8d47329343640d1055aa69.wav,25214
synthetic_train_audio/25214/35fb53a52f714617a0076a17ee8ffaf6.wav,25214
synthetic_train_audio/25214/3c43f46d09bc412eb02ac28a4065760f.wav,25214
synthetic_train_audio/25214/3d42f27d59a44dc3bf6f60ea4e7fc46c.wav,25214
synthetic_train_audio/25214/3dd8338ea0484fc2b9102bf923934e4b.wav,25214
synthetic_train_audio/25214/3e2f9d54007c4559bc01829e2d4201a7.wav,25214
synthetic_train_audio/25214/4507be8f0b614152a3cbae9b8c94bcc2.wav,25214
synthetic_train_audio/25214/45f65439699e4c489dd54503d91f6bc6.wav,25214
synthetic_train_audio/25214/4c224298f6b54a5086b034bb7165fbf3.wav,25214
synthetic_train_audio/25214/4d796c53d3914c8eaa69b03d0f05c6ec.wav,25214
synthetic_train_audio/25214/4d9f84cfbbad42e8b9e349bae253fbed.wav,25214
synthetic_train_audio/25214/4e9c3741eed3417eabd21d8c151cdcb3.wav,25214
synthetic_train_audio/25214/4ef1fa0cd6c74a23ab71c69fb522da53.wav,25214
synthetic_train_audio/25214/52cad1d1ddb64cb59957c8678a064249.wav,25214
synthetic_train_audio/25214/644c62cb746541d5bbd67c70b3b3448b.wav,25214
synthetic_train_audio/25214/645da1364c3944dba6cacc8155ff8528.wav,25214
synthetic_train_audio/25214/6a2262463ca5439cadbcbfb456603343.wav,25214
synthetic_train_audio/25214/6b68748bb5224efa8574cb7b6d4159a1.wav,25214
synthetic_train_audio/25214/6c2d1c2ab7ad4de2aba355ea16b7db52.wav,25214
synthetic_train_audio/25214/761eddb794f5416395f9e4cbe476e452.wav,25214
synthetic_train_audio/25214/7798a84ae0cc4584b216198dda43c095.wav,25214
synthetic_train_audio/25214/7adeecb1b2094174b66db247d0495142.wav,25214
synthetic_train_audio/25214/7c5acb40e06140c28c05e054392dac33.wav,25214
synthetic_train_audio/25214/818c14b7049b4a45b4125a7e28769b71.wav,25214
synthetic_train_audio/25214/81f009a936dc488aa2ba3414f2304c02.wav,25214
synthetic_train_audio/25214/83ced82815f14233bdb6840e76f72ece.wav,25214
synthetic_train_audio/25214/843bddf17df1449f9f1d39ead6ad66bd.wav,25214
synthetic_train_audio/25214/84ff48ab0c9f42989e8cb074a27b2487.wav,25214
synthetic_train_audio/25214/8841426d92ea435cbaac3f11b03b53a7.wav,25214
synthetic_train_audio/25214/8899196774164e52859739b44c109ec6.wav,25214
synthetic_train_audio/25214/8bec8a4e7666422e8b49e85232521845.wav,25214
synthetic_train_audio/25214/8f50d31dd4124d5da38e83abc39e8234.wav,25214
synthetic_train_audio/25214/9514bca0dbf94c63b2f5f054f02d9a4b.wav,25214
synthetic_train_audio/25214/9527686eed4c468698f22dd9fc0bed6b.wav,25214
synthetic_train_audio/25214/99aa25a8fe244f0a87a8e0fd2416c355.wav,25214
synthetic_train_audio/25214/9a83ce4888174d7592fbe3c4c74dc798.wav,25214
synthetic_train_audio/25214/9dd931fef365427c990d244aa27385e5.wav,25214
synthetic_train_audio/25214/9e45c4eebcd0462b9391122cf9353f4f.wav,25214
synthetic_train_audio/25214/9f0ed954c6264cbfb362422765ae0c28.wav,25214
synthetic_train_audio/25214/a0be0534fbba4a379209cb2d3bd4d693.wav,25214
synthetic_train_audio/25214/a25080f98d83424da9d9724c4430399b.wav,25214
synthetic_train_audio/25214/a715554c0a354b32832f6e93eebea017.wav,25214
synthetic_train_audio/25214/a89cf76c6d3d467c966f613a0a0327c6.wav,25214
synthetic_train_audio/25214/aa55921c5cc34d1a819f129a7c5cb8f9.wav,25214
synthetic_train_audio/25214/ab874dfb4caf488cb4b090d8d2a3a34d.wav,25214
synthetic_train_audio/25214/acb1bde643854a68882c0e8b77be90f6.wav,25214
synthetic_train_audio/25214/ad0f397c0c42407a9f90db95cdd2777b.wav,25214
synthetic_train_audio/25214/afed44c7fa18496a85d8d74db5ee251f.wav,25214
synthetic_train_audio/25214/b2b89fb0afdc4b529fe6e282f398b428.wav,25214
synthetic_train_audio/25214/b57e5d17b67d4b95aa35bf04596ea323.wav,25214
synthetic_train_audio/25214/b6f6eb609e0c4167a1d5c9578faa7909.wav,25214
synthetic_train_audio/25214/b711bfed9fc04bffa7bdd7e0785bd0af.wav,25214
synthetic_train_audio/25214/baffdf2b0eb44c75b64bc3c786cb1e6b.wav,25214
synthetic_train_audio/25214/bc673bbd784e414a9f47af970a68e367.wav,25214
synthetic_train_audio/25214/bca92f055b6a4bd2a4d1aaa811cbd233.wav,25214
synthetic_train_audio/25214/bcfd89886d5547918703dc4c7e8dd141.wav,25214
synthetic_train_audio/25214/bebc2a064ded48ae86eb92765ea86abe.wav,25214
synthetic_train_audio/25214/bf569c6412eb4ee7a65a5e67e15f1b18.wav,25214
synthetic_train_audio/25214/c33e9a7a4c644af2abc9d99108efb55a.wav,25214
synthetic_train_audio/25214/c89236f162c04c988201e4f743b7684c.wav,25214
synthetic_train_audio/25214/c93ff19b141e4484a0d1a1537c7a9f36.wav,25214
synthetic_train_audio/25214/d6f54464315046709eb5137c8e0bd25b.wav,25214
synthetic_train_audio/25214/d87a0ca4cbf642ca8a8b866a69b9d7c0.wav,25214
synthetic_train_audio/25214/d9e97ae33deb46c8ba2530c53c764a00.wav,25214
synthetic_train_audio/25214/dbebb0ac122049649927b0afb2900e99.wav,25214
synthetic_train_audio/25214/dd8e7a09de9644ddb30ac4b8db313c2c.wav,25214
synthetic_train_audio/25214/e2134706d233407f98210d8c373da0c3.wav,25214
synthetic_train_audio/25214/e58fee1c11ba43fcb05779fb5b830b94.wav,25214
synthetic_train_audio/25214/eb371804ca2644c595c9296894584d6b.wav,25214
synthetic_train_audio/25214/ef88551613e8466f9e2dac03ae1fa0cb.wav,25214
synthetic_train_audio/25214/eff673cc5ac548de95124a8f92f03609.wav,25214
synthetic_train_audio/25214/f136882a72cd4ef1862b75c2f108b038.wav,25214
synthetic_train_audio/25214/f2831808cd7e44fe81490dbd551e7b00.wav,25214
synthetic_train_audio/25214/f4bb7cf5a8a84b999bec52e384fce22e.wav,25214
synthetic_train_audio/25214/f6d457f585bf4071a9743116ae57bf2b.wav,25214
synthetic_train_audio/25214/f91ed587d863457684f630b47998b89c.wav,25214
synthetic_train_audio/25214/faa9c860d9474a6b9934f543aac94ab9.wav,25214
synthetic_train_audio/25214/fc16a89ebfef49818da267b709e455d2.wav,25214
synthetic_train_audio/25214/ff25905f7ab240f1bb9e502b7886ff8a.wav,25214
synthetic_train_audio/326272/00158b09ff234551a347b1ab9f44ba26.wav,326272
synthetic_train_audio/326272/0433240621f74b12a96dee1ddf2df7af.wav,326272
synthetic_train_audio/326272/04616c6b3e954a0ea6bfe7c18af46b08.wav,326272
synthetic_train_audio/326272/04a76a31b26e4a43a1da57728b0feffd.wav,326272
synthetic_train_audio/326272/0812a60ce0ec49ef90904ce8bf99dab8.wav,326272
synthetic_train_audio/326272/0fc6dea6062f4597b1850efbb3258abb.wav,326272
synthetic_train_audio/326272/13115991a53842779fafbbcec411f8d1.wav,326272
synthetic_train_audio/326272/148ac61031764a75930a53693e65c4f0.wav,326272
synthetic_train_audio/326272/156b7d126e7342df8cf75573555da5cc.wav,326272
synthetic_train_audio/326272/26b235b1f9b9425699f711c3859c9270.wav,326272
synthetic_train_audio/326272/28d1bc3e8e57422284bfbbcfe3b013ea.wav,326272
synthetic_train_audio/326272/29b44027cf924f47a6ccf6896ececd89.wav,326272
synthetic_train_audio/326272/2ab91d12ae604e10805256a8f533e964.wav,326272
synthetic_train_audio/326272/2d2f20a0deee4ed98e57534822225136.wav,326272
synthetic_train_audio/326272/2d972b3be0064748a34f3e3c995a342e.wav,326272
synthetic_train_audio/326272/2e0d8961a50240369186ceb85a8c62ce.wav,326272
synthetic_train_audio/326272/3af5cbe53e8649a0998a91dfeecdd44d.wav,326272
synthetic_train_audio/326272/3c54844d67ba4677b393240c5cd4af11.wav,326272
synthetic_train_audio/326272/426954d73e8f47efad2431150311be6a.wav,326272
synthetic_train_audio/326272/44739810ca65414baa8bfa0f1c4d5f59.wav,326272
synthetic_train_audio/326272/4c4372a0117a417ab5b838dc366ba5ec.wav,326272
synthetic_train_audio/326272/4d0ed020d0814af490da3f0585225552.wav,326272
synthetic_train_audio/326272/4ee6e30d16254c7695da759100a991ca.wav,326272
synthetic_train_audio/326272/51c5fb3e27dc400b8bf4be28693fc385.wav,326272
synthetic_train_audio/326272/5642cfac9ed74f1f8ba871148085ceae.wav,326272
synthetic_train_audio/326272/573a106792114cc4be7548c7625fb0f8.wav,326272
synthetic_train_audio/326272/5b97fe49f51641b59ac338aa67a4e322.wav,326272
synthetic_train_audio/326272/5bb2923ffe704556a18422af02d893ef.wav,326272
synthetic_train_audio/326272/5eda1735cfa54b96be43e0565452b46b.wav,326272
synthetic_train_audio/326272/60aeed4b8ef34dd6802000f66144e5c1.wav,326272
synthetic_train_audio/326272/61a33da01c214e19bf7d839ce8d73fe4.wav,326272
synthetic_train_audio/326272/624c268c188e41439363b6fbcb954c13.wav,326272
synthetic_train_audio/326272/665c40e53aac4df1ac9ca14a0be94c64.wav,326272
synthetic_train_audio/326272/69176a0404d344caab55dd3242fefc8f.wav,326272
synthetic_train_audio/326272/6e3e061949614210a75aea870ebcbb12.wav,326272
synthetic_train_audio/326272/747b6c851e7942caa6039a4f0986aa98.wav,326272
synthetic_train_audio/326272/75e46ca38ffa43cfb6cae9769616e653.wav,326272
synthetic_train_audio/326272/76b752703990440a81ff7f582c8ebfec.wav,326272
synthetic_train_audio/326272/8a1f49a37ed04d63b2f52fde2903c189.wav,326272
synthetic_train_audio/326272/8c5635ac75934fbda4baf2b6cfa35d52.wav,326272
synthetic_train_audio/326272/8d06b1e3513544f381dd047d4436e127.wav,326272
synthetic_train_audio/326272/8e9c874c05284e3c915e3606827fedb2.wav,326272
synthetic_train_audio/326272/8f7383ec87f14c7ab801a3a7412b7bf3.wav,326272
synthetic_train_audio/326272/90a952656c8c420b8d3d45cbdf35f4fa.wav,326272
synthetic_train_audio/326272/9364f53ab0ef400d88f050c6848b77f2.wav,326272
synthetic_train_audio/326272/9c8f9c7f345547e78b16e822e231d322.wav,326272
synthetic_train_audio/326272/9d5000ef75444bc0bc53581ce1ada56d.wav,326272
synthetic_train_audio/326272/9e63a904a23c4fad9f52d2ecece0236a.wav,326272
synthetic_train_audio/326272/a021f549c1e34973ad64a8982743a598.wav,326272
synthetic_train_audio/326272/a4af2c5cd1c748fb9240d0c0475cbd6e.wav,326272
synthetic_train_audio/326272/ac36b59ac5be43fd8edb73ee6788c963.wav,326272
synthetic_train_audio/326272/ae334208c3b549e3a7a8be538d6484af.wav,326272
synthetic_train_audio/326272/b192d2e7418549e7b1bc3a393cc47276.wav,326272
synthetic_train_audio/326272/b3cd2f1ef95c495ab2009bf14a56de1a.wav,326272
synthetic_train_audio/326272/b46ff2b04425432f81ee088c8b293af7.wav,326272
synthetic_train_audio/326272/b65eb76127ae4d07a6c635c93980f057.wav,326272
synthetic_train_audio/326272/bbbf37dbb10e426cbcbb7c3a67bd7ea4.wav,326272
synthetic_train_audio/326272/c1756e388e984f9eb738e1727ef9e7ec.wav,326272
synthetic_train_audio/326272/c8c71bb6ef624e6d9e4400c793d88ffb.wav,326272
synthetic_train_audio/326272/cafb6bdf9e7244cda31114f5bca257bb.wav,326272
synthetic_train_audio/326272/ccf61a4585cf4adf9952bf660d66bf42.wav,326272
synthetic_train_audio/326272/cd473274c59943369cf494cffd45da70.wav,326272
synthetic_train_audio/326272/cda776df249e459eafeaa1b188f68ff3.wav,326272
synthetic_train_audio/326272/d1c366bd8da041468a726287cf936849.wav,326272
synthetic_train_audio/326272/d5eb96e48f3c424abea9425461eb70f3.wav,326272
synthetic_train_audio/326272/d7895568f755471aa1254e641da3b55c.wav,326272
synthetic_train_audio/326272/d95076eeb5644ccb892dab52a37e4349.wav,326272
synthetic_train_audio/326272/dbbf67fea69d472094e789bcf9058e6b.wav,326272
synthetic_train_audio/326272/dcbe2be11fd646ceaff937a7e07b180d.wav,326272
synthetic_train_audio/326272/dde1342b28bd4e5a9852ed095e8a8a2b.wav,326272
synthetic_train_audio/326272/e63a552e998b42948d2e670b76c9e1eb.wav,326272
synthetic_train_audio/326272/e69191c71b0046eea6e408b3ade96162.wav,326272
synthetic_train_audio/326272/e6ed3456d388436aa24f2163db4e3492.wav,326272
synthetic_train_audio/326272/ef22c8a904b24312b10a5671c6bc59c0.wav,326272
synthetic_train_audio/326272/ef41282b510f4d7e91d3cb72ea44bc98.wav,326272
synthetic_train_audio/326272/ef7afeb09f394345855232273f229106.wav,326272
synthetic_train_audio/326272/efc4f2e6cba3408b98784e30631ca6ff.wav,326272
synthetic_train_audio/326272/fc19018d03d64147a79cf46cb820361d.wav,326272
synthetic_train_audio/41970/00e6fc91e9d8469fa68139342040cff6.wav,41970
synthetic_train_audio/41970/01a97bfb65c449779259d027153c6da4.wav,41970
synthetic_train_audio/41970/03a514144fbd47ee888f777643c9f72e.wav,41970
synthetic_train_audio/41970/06307a18f9ef4483a805d48933f6a6ee.wav,41970
synthetic_train_audio/41970/078a59dc28ea477fb91835ebef6fea40.wav,41970
synthetic_train_audio/41970/0bdebdd26bcc41cb8922a2ad35bee76e.wav,41970
synthetic_train_audio/41970/0e31053c61bf4356a21cda9aa4325afc.wav,41970
synthetic_train_audio/41970/0fdc30d2805a4713b7423acb04837745.wav,41970
synthetic_train_audio/41970/130ed511a8454b488fefb34c047bfadf.wav,41970
synthetic_train_audio/41970/173f46af39134238aa235c6c5d1cde76.wav,41970
synthetic_train_audio/41970/19f06c2751a44b90a8e443574887da16.wav,41970
synthetic_train_audio/41970/1fdf5043f8544c3cb75cf8cd05d9e312.wav,41970
synthetic_train_audio/41970/21245eec6cc74124bb3847196dcc4316.wav,41970
synthetic_train_audio/41970/21d6e01c71864146b8868b1b051edbd7.wav,41970
synthetic_train_audio/41970/283f236df7004986970850733af8871d.wav,41970
synthetic_train_audio/41970/2e350064f54c4a9d996a316af991cf8f.wav,41970
synthetic_train_audio/41970/338a3b6cc72f4092ba806e7167b33d74.wav,41970
synthetic_train_audio/41970/34144427d7cc40f29506faabe5a2a764.wav,41970
synthetic_train_audio/41970/3a52991ce1b54f749a59dcb7006b0681.wav,41970
synthetic_train_audio/41970/3c04bc702abe4f91bbb4422c341cd5e7.wav,41970
synthetic_train_audio/41970/3e14d58e3ad5483f989bd99687ac191d.wav,41970
synthetic_train_audio/41970/42df25c37efb4d34a0bdc5804e1463de.wav,41970
synthetic_train_audio/41970/43f3f469e7bb4e65b894a73db005ba97.wav,41970
synthetic_train_audio/41970/4575576b65974f339d3b6c16883a5d85.wav,41970
synthetic_train_audio/41970/4d6f644a152a489790d3c4376cc9b5f1.wav,41970
synthetic_train_audio/41970/52081a2d71ed4b5ca8957204ddbe6c47.wav,41970
synthetic_train_audio/41970/5277ab5438944e46b3b430f9dcacfc55.wav,41970
synthetic_train_audio/41970/5613f9dd7efd41f6a9925928b5a1b679.wav,41970
synthetic_train_audio/41970/58ef75c17665453c88724bddd15fc2a7.wav,41970
synthetic_train_audio/41970/5a1af20ddb2d457198b6b24ae30af1c7.wav,41970
synthetic_train_audio/41970/5f8ca19a63bf493da55aad822d75d721.wav,41970
synthetic_train_audio/41970/62ac9d6495fe414bbd7d26e7c5c7b983.wav,41970
synthetic_train_audio/41970/634949b39e2945b8b29658e850bb1c39.wav,41970
synthetic_train_audio/41970/646956d802ba4ac897badcac369b82d8.wav,41970
synthetic_train_audio/41970/65d25cdb00634ea6a64a7a7ed3f79c77.wav,41970
synthetic_train_audio/41970/66fd00c787874f569cbc2e96dd3d82f6.wav,41970
synthetic_train_audio/41970/67405dd2f1a442cda604cb77417ca98d.wav,41970
synthetic_train_audio/41970/69d7c28c53f94373a8bf07aa61c1f7e1.wav,41970
synthetic_train_audio/41970/6c79609249b64945ac3b42adbf2b9b4a.wav,41970
synthetic_train_audio/41970/71b9ca88e70741ada44280904e1964be.wav,41970
synthetic_train_audio/41970/7ab4207c029a408a88b8bfdd6f1c4265.wav,41970
synthetic_train_audio/41970/7b5a2bb8c8364ef9b5d431561b6167e1.wav,41970
synthetic_train_audio/41970/7bf97ca385b549cca7a1bc598dd800c2.wav,41970
synthetic_train_audio/41970/7c8999238d544de3b836468de4782c88.wav,41970
synthetic_train_audio/41970/80a196ea7a1a4efe9e98472162f68ee6.wav,41970
synthetic_train_audio/41970/80c9e7c61c4f410c9a63c80278c637ba.wav,41970
synthetic_train_audio/41970/8235c42cb0eb48048ef9ee2a7d287fcb.wav,41970
synthetic_train_audio/41970/866db8f4b90946a5ae3b2e13e90e7f18.wav,41970
synthetic_train_audio/41970/86f3a238bfe742bab0969ac51a7965e1.wav,41970
synthetic_train_audio/41970/89160810399c4cfd8b65a941dc3181dc.wav,41970
synthetic_train_audio/41970/8c3ef348864d474bbab9066cdd5aa7f0.wav,41970
synthetic_train_audio/41970/8f8979d469514074b48e66949a82b77d.wav,41970
synthetic_train_audio/41970/910d504977f14d66b070342f6d6e798d.wav,41970
synthetic_train_audio/41970/9979c8f5665d40c1b9e937b314a85af9.wav,41970
synthetic_train_audio/41970/9c7a605d2f964b06895b5231d3d9174b.wav,41970
synthetic_train_audio/41970/9ffa35461ddc4f2980cbeadc42228cd1.wav,41970
synthetic_train_audio/41970/a0c710647ec14c2e945fb289eacafaae.wav,41970
synthetic_train_audio/41970/aa0dd41a8f76421abd47af1f5a21f191.wav,41970
synthetic_train_audio/41970/af9f80d06b9040d98e1b063dd6f1e42b.wav,41970
synthetic_train_audio/41970/afaf9c1f3899462d973546847e7c3c61.wav,41970
synthetic_train_audio/41970/b26d8f3ed5ab42bdb39644630189b843.wav,41970
synthetic_train_audio/41970/b932669416c74854b1f12f9de7368ab3.wav,41970
synthetic_train_audio/41970/bd8a4b40c9724e2bba97e64e1a54dac2.wav,41970
synthetic_train_audio/41970/be6844cf84d24c8c85af4480a840a250.wav,41970
synthetic_train_audio/41970/c5517242cabf423b855a7eb37356fe5a.wav,41970
synthetic_train_audio/41970/c6dfa5c955a74aab904b180e19a146ca.wav,41970
synthetic_train_audio/41970/cce48634b576449887c12f1b5b9c799c.wav,41970
synthetic_train_audio/41970/d3685d2acf9944208d2c20f9829b73cb.wav,41970
synthetic_train_audio/41970/d6402308c8904372b05edd9b42c629a5.wav,41970
synthetic_train_audio/41970/d75e70edf9e34cfe87334df3509c3d60.wav,41970
synthetic_train_audio/41970/dbe9d57e2cd2474ea776fdd2c1b0f36a.wav,41970
synthetic_train_audio/41970/dc0705114aa342a4a73c214dcdb32346.wav,41970
synthetic_train_audio/41970/dcc1dff78d804e17aca46e4f1416b81c.wav,41970
synthetic_train_audio/41970/df8afd2522fd42e1b4218c4bc8b424a2.wav,41970
synthetic_train_audio/41970/e4e5ca0e8b32489d8e0ed6cbda6be8af.wav,41970
synthetic_train_audio/41970/e840a93bef6746ff88c3a0d9281e9fa1.wav,41970
synthetic_train_audio/41970/e8a77e6602474b4dbc1d44cc7f552752.wav,41970
synthetic_train_audio/41970/eb830ddaf65948fcb6aa6013a7fe4725.wav,41970
synthetic_train_audio/41970/f35b0b96374a44a5826c72a08ee37fd6.wav,41970
synthetic_train_audio/41970/f46d9de20a7e429aa760760a7c7d00a9.wav,41970
synthetic_train_audio/41970/f4e1831ce5ef4dbdaa4178af74aad952.wav,41970
synthetic_train_audio/41970/f600aab5d8ff48a3b811125c0a19b70a.wav,41970
synthetic_train_audio/41970/fdbae43c551f4102ab78c27650b05295.wav,41970
synthetic_train_audio/43435/01bd42e67e0d4acdbd6fc5dd391900ef.wav,43435
synthetic_train_audio/43435/06cb178a58aa4dee8f244eba461aacd5.wav,43435
synthetic_train_audio/43435/07a5c03dad574b289baea98bbd2048c6.wav,43435
synthetic_train_audio/43435/09f230079c204c85b1986ba4ad8c0da6.wav,43435
synthetic_train_audio/43435/0a7daaa2265a4540a7c5fe3b14b8eee1.wav,43435
synthetic_train_audio/43435/10bd2fb0b5b04d018f827c5f0335dc33.wav,43435
synthetic_train_audio/43435/12f05fe7fbe64f1ebece9cd7d3bd2dfd.wav,43435
synthetic_train_audio/43435/17bcf32b7700445b9ef46f0b11bb2970.wav,43435
synthetic_train_audio/43435/1847c71691b244988c4e49f427b29e90.wav,43435
synthetic_train_audio/43435/1f399b61b4c448bfb168a34f790eb0e1.wav,43435
synthetic_train_audio/43435/240e7ec39ed74bb7bcfb7c7db4577336.wav,43435
synthetic_train_audio/43435/262e5060879e42b29ae59bd6d6ee6a98.wav,43435
synthetic_train_audio/43435/2949e18cb61844cb90059f4814bba079.wav,43435
synthetic_train_audio/43435/2baa301b6b674239b1f35d44b0438695.wav,43435
synthetic_train_audio/43435/2cc8238656be4a2885ced173e804ad9b.wav,43435
synthetic_train_audio/43435/2f327e982ff94865ac82c4cb283d4dbe.wav,43435
synthetic_train_audio/43435/330047616cbd42b8892d2d8a146e3f09.wav,43435
synthetic_train_audio/43435/35fa471eb1474d448000a2b1a107cb08.wav,43435
synthetic_train_audio/43435/375560fceae7496ca23ffd0ee7ee3575.wav,43435
synthetic_train_audio/43435/388cc397a3b44dccb526b8726ebe1dbe.wav,43435
synthetic_train_audio/43435/38b8617ae9f144a7905b49d57ab247a5.wav,43435
synthetic_train_audio/43435/3b70d6f367e54e5294260a6347d8f346.wav,43435
synthetic_train_audio/43435/3e5d46d41be144b3ae692d5adc14e8b6.wav,43435
synthetic_train_audio/43435/4038c6b08ee04b2daf6258eb4ee8b36d.wav,43435
synthetic_train_audio/43435/43d0c1c9e5004aed9c0cf5f7b106d95f.wav,43435
synthetic_train_audio/43435/43d6c8af72c5440e831c1b90722c7f46.wav,43435
synthetic_train_audio/43435/4978fde8dc834c6383c6c604786ccd5c.wav,43435
synthetic_train_audio/43435/4d2e78d416604f18a6b530528f78d859.wav,43435
synthetic_train_audio/43435/4eb6dddfd21240299183cc47941b71fe.wav,43435
synthetic_train_audio/43435/562341a2c04d4905ba3b898b129eb571.wav,43435
synthetic_train_audio/43435/5c254ec512474cf9b341d7ab2d237de5.wav,43435
synthetic_train_audio/43435/5ec61ced978b4cb1a3604293cea6de33.wav,43435
synthetic_train_audio/43435/5f624d28d8dc493cafd42b3f64f6bc68.wav,43435
synthetic_train_audio/43435/6281ddd21fc842a999a72227fc5638d2.wav,43435
synthetic_train_audio/43435/64e41d195e534123bf9237d1e60a02f0.wav,43435
synthetic_train_audio/43435/64fb0194c19c439fb756e5efd391a4c9.wav,43435
synthetic_train_audio/43435/66c66af4dda2479ebe78cea650c92ff1.wav,43435
synthetic_train_audio/43435/699d8549e3d148b5befb55d3fc8aac57.wav,43435
synthetic_train_audio/43435/6aa9536f63084d879c2716f33632f505.wav,43435
synthetic_train_audio/43435/6e678777bc2045ed8e09ef6b8265df6f.wav,43435
synthetic_train_audio/43435/738ec59e60fc4dc39c2505348c3b7f68.wav,43435
synthetic_train_audio/43435/73e974bfe3864aef8581f13833007372.wav,43435
synthetic_train_audio/43435/7a8060ff42e44217a6345c43ae102671.wav,43435
synthetic_train_audio/43435/7abe02bd619944a79ad37ea495307030.wav,43435
synthetic_train_audio/43435/7df3a2190987475f98727a95e0807f64.wav,43435
synthetic_train_audio/43435/8002bb8cc1a94dd891d2d842b91eb873.wav,43435
synthetic_train_audio/43435/844fc91421d7476288ce572e6673d688.wav,43435
synthetic_train_audio/43435/8a5ec0de94e74ab1bf616bfb230fe11b.wav,43435
synthetic_train_audio/43435/90c85ee7e3ed4a199f75e879ddcd74e0.wav,43435
synthetic_train_audio/43435/97962c15ce1545f59b21e7780f894d92.wav,43435
synthetic_train_audio/43435/989612debe574eefb521e99002d5e825.wav,43435
synthetic_train_audio/43435/9950dbf9d854484b80d5924ff95a893b.wav,43435
synthetic_train_audio/43435/996bdb2913884fd19527fc39d074e868.wav,43435
synthetic_train_audio/43435/9bdf9f5f8b914c8ca488d2a0ee4e3895.wav,43435
synthetic_train_audio/43435/9d5a6785466145e89586199bae75b0f9.wav,43435
synthetic_train_audio/43435/a09fc87747fe4adc9a7187f053996233.wav,43435
synthetic_train_audio/43435/a2ad2150ea83456aa5986abdf1469e79.wav,43435
synthetic_train_audio/43435/a7e3f33961ee4a87a7b684a6ea2ad75a.wav,43435
synthetic_train_audio/43435/af138d8b18de488b8aa2f2098cb2ce1e.wav,43435
synthetic_train_audio/43435/b2bce9f7005a429298287a96105dbcd7.wav,43435
synthetic_train_audio/43435/b3615d15b2f44696aef8f6dfa152ef2f.wav,43435
synthetic_train_audio/43435/b40ba9c34a5841faaa05da8bbc09c9e8.wav,43435
synthetic_train_audio/43435/b76d3a0717c748c195242a6b86132670.wav,43435
synthetic_train_audio/43435/b9d5617d391b42e2929a65ce1cc73de3.wav,43435
synthetic_train_audio/43435/c347d48028f240daafc18c63a6545738.wav,43435
synthetic_train_audio/43435/c90733c429a24bf5948f8438d5fb3fc0.wav,43435
synthetic_train_audio/43435/cbd6006f9d034336a540fa8894537ec4.wav,43435
synthetic_train_audio/43435/cdda5ef31f9b40de8cddcd6765ddd799.wav,43435
synthetic_train_audio/43435/cee5b423692c44749041de39f0b6ec2d.wav,43435
synthetic_train_audio/43435/cfa54d9b4c27463ea0193f933f06182b.wav,43435
synthetic_train_audio/43435/d1fb86144df94201a5c1e64a479b1e75.wav,43435
synthetic_train_audio/43435/d66d8d708dce4ff5a1ca1be497b8fa11.wav,43435
synthetic_train_audio/43435/d696d89219b94ea19f9f900ccdf36cf7.wav,43435
synthetic_train_audio/43435/d78f02bc95664d6eb19ee23725534111.wav,43435
synthetic_train_audio/43435/d91aabb1506d444db156c2e2897748bc.wav,43435
synthetic_train_audio/43435/d9511a00b1614afdb2bba3364c0fecdc.wav,43435
synthetic_train_audio/43435/da8e5cd4504844cd841919eb7848985f.wav,43435
synthetic_train_audio/43435/dabbcbaef6b2455ca337c8ebad0c421c.wav,43435
synthetic_train_audio/43435/db97e2ddddae4b8690b013ab0f06599d.wav,43435
synthetic_train_audio/43435/de1a51aeac2345ce8d3fceb7e44bb1cc.wav,43435
synthetic_train_audio/43435/def882c3e0a9482ab1a2b44b118f651c.wav,43435
synthetic_train_audio/43435/e4a8f41524194246bf5a7537d9110c6e.wav,43435
synthetic_train_audio/43435/eafd61a34ae244b89ac2e7aaa87536c1.wav,43435
synthetic_train_audio/43435/ec3e8c90117041f792abdf0483ea0342.wav,43435
synthetic_train_audio/43435/ecba53170c06483b9c1738fa7ef31728.wav,43435
synthetic_train_audio/43435/ee447f9d9af74dc4bd55177dd4d4652d.wav,43435
synthetic_train_audio/43435/f4c9199e31a14ff8a3c8d1f522b052a0.wav,43435
synthetic_train_audio/43435/f64aad316ca745ca822cfea442ccaf36.wav,43435
synthetic_train_audio/43435/f97e534bc8df4a75bdd307d2e0d12278.wav,43435
synthetic_train_audio/47144/01d57226767b4e0b8722c3842b8a2a49.wav,47144
synthetic_train_audio/47144/047a08a73c994c3bb0fc120f7b13077a.wav,47144
synthetic_train_audio/47144/09a498d732ba489697bb97919256baed.wav,47144
synthetic_train_audio/47144/0aa10190e02c4b9e8d475db76e712faa.wav,47144
synthetic_train_audio/47144/0ae147c7a68f44ff98b476da36ffc54d.wav,47144
synthetic_train_audio/47144/0bcb221e4a5e4122937cc84b6d797187.wav,47144
synthetic_train_audio/47144/0cf7d69e7118413495cf5862623066bc.wav,47144
synthetic_train_audio/47144/1838e30081504caaab19f6472e79f96f.wav,47144
synthetic_train_audio/47144/1d782afd203e479f950400b0ed6dcc37.wav,47144
synthetic_train_audio/47144/21b2c10b132541dd906a09c9f4b3ed87.wav,47144
synthetic_train_audio/47144/243a76b7a8cc44679f9e851e55bd1ab6.wav,47144
synthetic_train_audio/47144/26a0bc20f36d4e139e3a5ce4bfe54bf0.wav,47144
synthetic_train_audio/47144/2f0e2a51e19c484991fb0a79999c147b.wav,47144
synthetic_train_audio/47144/3c30084a098743afb11f898ca2a04f6c.wav,47144
synthetic_train_audio/47144/3d7bfa243d2c4a42b64047cdd81d6be2.wav,47144
synthetic_train_audio/47144/3e90b629db2040758f6c1d1b2c79be8a.wav,47144
synthetic_train_audio/47144/3f4e156a0180407c941370c43e62a34c.wav,47144
synthetic_train_audio/47144/420c1648128549aa956bfba25cd73a55.wav,47144
synthetic_train_audio/47144/4597a28699f040f3b8543cfccb74f022.wav,47144
synthetic_train_audio/47144/493faf3ed6ec49238de7e16ac808bb5e.wav,47144
synthetic_train_audio/47144/499b83f0beac4a5fb2611dccaa131499.wav,47144
synthetic_train_audio/47144/4b1f0f3d60b740aaa65dfc38aa4c3471.wav,47144
synthetic_train_audio/47144/4cbe819810da469a910a8e5a013ad80f.wav,47144
synthetic_train_audio/47144/4dd953a7bc484f588722c70a9c42f8af.wav,47144
synthetic_train_audio/47144/52dd7fcfbde24ae0aacd84c0160e681e.wav,47144
synthetic_train_audio/47144/52fd8347897641d5b476ee647dec8bc9.wav,47144
synthetic_train_audio/47144/542c559dd54d4405a7836d4f23020db9.wav,47144
synthetic_train_audio/47144/55ab0bba3c034ac8a77a9e3088cc8b78.wav,47144
synthetic_train_audio/47144/590feeadf5b64f90a5346befc0d19ac3.wav,47144
synthetic_train_audio/47144/59369a8b7ba1466c991cb45ed29340bf.wav,47144
synthetic_train_audio/47144/5e08578bb3ea48b2813636ab16a5a632.wav,47144
synthetic_train_audio/47144/5f47e381c9ab4784bf5a8b1fc5667431.wav,47144
synthetic_train_audio/47144/656b9bcb6f7043b4aeeb9a7ba81e902d.wav,47144
synthetic_train_audio/47144/65f87c6c22524b9db3eed647ce6674b1.wav,47144
synthetic_train_audio/47144/66f3719f9fc04e86925f586687902700.wav,47144
synthetic_train_audio/47144/685e319e995049e4bf45819547c00135.wav,47144
synthetic_train_audio/47144/7267b74f47b043da9e65c768a8fe74ff.wav,47144
synthetic_train_audio/47144/750ca823c7b84a978a6afdf8a009f70b.wav,47144
synthetic_train_audio/47144/765356f2cb5b41b3acfeb334a773d0aa.wav,47144
synthetic_train_audio/47144/7919cdabfaa644829b67f6a4e3c93b6a.wav,47144
synthetic_train_audio/47144/7d866c1fb8cc4279928df90170af1b56.wav,47144
synthetic_train_audio/47144/87848aa93f0c4732b9c8862e9967ee60.wav,47144
synthetic_train_audio/47144/89130d16e23e4abba5a6ba17f55b8dab.wav,47144
synthetic_train_audio/47144/938b92d15de24eea9bf4ea2c03c8ebd2.wav,47144
synthetic_train_audio/47144/953c91ee9a1c4c75853123c6b4fd1c1d.wav,47144
synthetic_train_audio/47144/9a3c7c7f51f44ece9df46e5ef90a5944.wav,47144
synthetic_train_audio/47144/9d005c8a2e8742089ea1d7ed078f148a.wav,47144
synthetic_train_audio/47144/a2cdb63b73c04e60b7b6b667cbe7f726.wav,47144
synthetic_train_audio/47144/a6a61c7e4cc345cf8c82f9293526bf66.wav,47144
synthetic_train_audio/47144/b1e992a19c2e47ada555e05d0ea91799.wav,47144
synthetic_train_audio/47144/b860668d3cf34c35856aaae9101e780d.wav,47144
synthetic_train_audio/47144/b9d4d606d0944727b683ad8b3f2e47ee.wav,47144
synthetic_train_audio/47144/c1924edc7439476f9d3b334e539ce2ef.wav,47144
synthetic_train_audio/47144/c3eb827dcc354cfa8513a5bb4ed8e6d0.wav,47144
synthetic_train_audio/47144/c430931fc4974680824549fbf152a2b3.wav,47144
synthetic_train_audio/47144/c7ee4c6f2bdd4c5d8ba827e4fbee8931.wav,47144
synthetic_train_audio/47144/cfdd07d5284249a6a3166d0358297dc1.wav,47144
synthetic_train_audio/47144/d6c8c28f9ca94a0496b4497920671b8a.wav,47144
synthetic_train_audio/47144/eac1118c21474dfa82f46f1839f8da36.wav,47144
synthetic_train_audio/47144/ecb83ce6023748eb9b4544a3ec9e6f94.wav,47144
synthetic_train_audio/47144/ecd154d547fa4bc5a681a3d80376c1af.wav,47144
synthetic_train_audio/47144/eefe74980bf749c298be1f0aab2f79fc.wav,47144
synthetic_train_audio/47144/f0e8571ccaf94cf6b92c797a6649f576.wav,47144
synthetic_train_audio/47144/f6192b2d8de34fd380ec57cdb87df106.wav,47144
synthetic_train_audio/47144/fa91e21fce3a49d596f4faaaa2dd3e93.wav,47144
synthetic_train_audio/47144/fe78af05a392454aa7fcdef1d16ae6cb.wav,47144
synthetic_train_audio/476521/006f5931ae1547f19b461d66afadbe66.wav,476521
synthetic_train_audio/476521/018e1954435f419dbaa995ae5c3184e5.wav,476521
synthetic_train_audio/476521/03d93c984fc7474daf5b6f614bc8d6f1.wav,476521
synthetic_train_audio/476521/03f7ab96a0384d86b99d47b911c95637.wav,476521
synthetic_train_audio/476521/070d329c2f8445ffa4306bb918b02b2b.wav,476521
synthetic_train_audio/476521/0794b57982b14b889a33b44a4fb9ef86.wav,476521
synthetic_train_audio/476521/0a5de82fbbc3483495329c0f1fe417cb.wav,476521
synthetic_train_audio/476521/0abb8a1437c9425281c13c934f6255ad.wav,476521
synthetic_train_audio/476521/0e994ded24a14a2c96eccc670c848e66.wav,476521
synthetic_train_audio/476521/108ac8c68b3640799a68a26ad89190dc.wav,476521
synthetic_train_audio/476521/15bd7c7bb95643ab8cefbbff8768188e.wav,476521
synthetic_train_audio/476521/1b4abfe84f6b4e6b942de19fa88b9cc4.wav,476521
synthetic_train_audio/476521/1e7cb859ee354e039ef84e54191b24ab.wav,476521
synthetic_train_audio/476521/23ecc8f113ed409baffb3dbb34260d4d.wav,476521
synthetic_train_audio/476521/25a6e968224e4004b2b6719209d1f38c.wav,476521
synthetic_train_audio/476521/2c891953204641f7bc74ac62f25d27f0.wav,476521
synthetic_train_audio/476521/3357787646174564a3c098852b6c622f.wav,476521
synthetic_train_audio/476521/34f1b32a8c644b0980989ca03330ea9f.wav,476521
synthetic_train_audio/476521/36bb34beca8140538f49329f14eeb6b4.wav,476521
synthetic_train_audio/476521/3d44f8b3ddcd4f41a2e7ca088a2b463d.wav,476521
synthetic_train_audio/476521/3d5d77de9696488386b85b4c44ab5599.wav,476521
synthetic_train_audio/476521/40e0fe4374d1488f8563bd13a043bc6f.wav,476521
synthetic_train_audio/476521/423934f26e0d415b9d72b03f7d9b4653.wav,476521
synthetic_train_audio/476521/42bcc332167f464ab87551f9eab86793.wav,476521
synthetic_train_audio/476521/4b192e3fcddb4416ae8adbf14fab65f1.wav,476521
synthetic_train_audio/476521/4b23d1ea02c24b6aaa475ff8e8921946.wav,476521
synthetic_train_audio/476521/4ca928e4cff0444cb21c4ce30631261c.wav,476521
synthetic_train_audio/476521/4e39bb771ebd4d208ff9c7b37005f145.wav,476521
synthetic_train_audio/476521/50616c0a3c23479f8e71e9bc986cdd1f.wav,476521
synthetic_train_audio/476521/52f00e22147d4f9caff943147fea76f2.wav,476521
synthetic_train_audio/476521/565e12da3df34496a67343419c3725cf.wav,476521
synthetic_train_audio/476521/57037c784b6f41a29e9e46d74b3478bc.wav,476521
synthetic_train_audio/476521/576941c295c64a03b8a3912a8d3c9586.wav,476521
synthetic_train_audio/476521/58cd676e75184b14a3177a26e4769fca.wav,476521
synthetic_train_audio/476521/591f812ba0a64ca7b41da6464425b653.wav,476521
synthetic_train_audio/476521/594f63f6cfb34756952641b5ba997b17.wav,476521
synthetic_train_audio/476521/5ac527febbe24bb38c2a5018d5fb4950.wav,476521
synthetic_train_audio/476521/5b6ba893d5ea4dd183df686cba35843f.wav,476521
synthetic_train_audio/476521/5b7273aeb0f6441980dcf960a0e645f6.wav,476521
synthetic_train_audio/476521/5c7cc88424a4474bbb81db412aa8f072.wav,476521
synthetic_train_audio/476521/5de25e3cc73b4141b99e221239963b2b.wav,476521
synthetic_train_audio/476521/5e39e84abaa84a3b8d96b86c832f139a.wav,476521
synthetic_train_audio/476521/616a1a5260394ab29d0d26999e81cdc8.wav,476521
synthetic_train_audio/476521/636ce19bac0849129cd59157b3585004.wav,476521
synthetic_train_audio/476521/647c45fbaea6410ca382468bedbbc9ec.wav,476521
synthetic_train_audio/476521/679a6385c2684cfb89f35903738b04d4.wav,476521
synthetic_train_audio/476521/67c7949475a74d1690a3646cd7506cea.wav,476521
synthetic_train_audio/476521/6a2de38fc83a4b1b8b182a58e6846d51.wav,476521
synthetic_train_audio/476521/6c5c99140d1d4dacb1e8110f3aad005c.wav,476521
synthetic_train_audio/476521/6ca6fb6f2da74c61999153170247845f.wav,476521
synthetic_train_audio/476521/6cf72da647fe402f901b7c04401cfb7c.wav,476521
synthetic_train_audio/476521/6d4fd648aad64356b0de27d70b465b3d.wav,476521
synthetic_train_audio/476521/6f0cabb7b5a847a291826b7560f67092.wav,476521
synthetic_train_audio/476521/70bb83fe2bbc4450890183ac5b76f4af.wav,476521
synthetic_train_audio/476521/735aec5389ac44228dc74587104cd346.wav,476521
synthetic_train_audio/476521/78ff09beabdc459085b30c7dc739fc5e.wav,476521
synthetic_train_audio/476521/7a97264bc38a426ea2b2b416ec6f3338.wav,476521
synthetic_train_audio/476521/7bc9db63139844038b41bcf49496f79b.wav,476521
synthetic_train_audio/476521/7bd8bf036c4340f4887ef128a526d51a.wav,476521
synthetic_train_audio/476521/7e6c1f28321341698c8dc4eb660e6ab0.wav,476521
synthetic_train_audio/476521/7ecc96e563d243cdb3db87b6b8917fcb.wav,476521
synthetic_train_audio/476521/8103c9c086414462a8b29ce0e69aefba.wav,476521
synthetic_train_audio/476521/820c13b566b042afbf1deef5d2a3145e.wav,476521
synthetic_train_audio/476521/826ea7c817b74fa9a4f0e77fe1eab05e.wav,476521
synthetic_train_audio/476521/83666ee41dde4e45a40a063dc54ba145.wav,476521
synthetic_train_audio/476521/865433ce16f44e63ad8ed37af338c4a3.wav,476521
synthetic_train_audio/476521/8dcfb25dafa141bcb46abebe21ab6089.wav,476521
synthetic_train_audio/476521/8e152e7e9ba2449bb61a898968cf306e.wav,476521
synthetic_train_audio/476521/900a46ba55ae4ce28b51414481d99529.wav,476521
synthetic_train_audio/476521/966689216503450e94679e2a769c44bb.wav,476521
synthetic_train_audio/476521/97e9bd325f68456e9ca4b83c59e15209.wav,476521
synthetic_train_audio/476521/995c5f835cd342fdb45f49cb0964d22d.wav,476521
synthetic_train_audio/476521/a1a3a748ebfd4a9b9a7766ef0b4ace18.wav,476521
synthetic_train_audio/476521/a4c71a56bf7f41e2b02a8fa4e5972f61.wav,476521
synthetic_train_audio/476521/a5a1f06cb21c48ed85a5118a41307944.wav,476521
synthetic_train_audio/476521/a99c2a7872e749d4a4401f6bad5a3985.wav,476521
synthetic_train_audio/476521/af07bdd7ef784932b005ecd74fef56f0.wav,476521
synthetic_train_audio/476521/b06fa86adeda480884e1fd4f394c9140.wav,476521
synthetic_train_audio/476521/b1e614c2b99543b28d3502a262bd8cc2.wav,476521
synthetic_train_audio/476521/b210f47693164c1abb6fc9cb5267161c.wav,476521
synthetic_train_audio/476521/b4803165f9694562a8f022a6ff54609a.wav,476521
synthetic_train_audio/476521/b689eacdc9c64928aec95f5b582203c8.wav,476521
synthetic_train_audio/476521/b68a54fceb8b4dbe9b54e35ca5dc09d9.wav,476521
synthetic_train_audio/476521/b998324c1e5940d5a19430c7d7a0be59.wav,476521
synthetic_train_audio/476521/b9d1ae1fe2b642738a7528560de2453c.wav,476521
synthetic_train_audio/476521/be2d7cd79acd4c0484b228ce6103f606.wav,476521
synthetic_train_audio/476521/cb0075446a2c40b7bc5fa01617612d14.wav,476521
synthetic_train_audio/476521/cb1567eb0cc141f294d02fbcc70082c5.wav,476521
synthetic_train_audio/476521/cb5fc13f0c324101975652677f264058.wav,476521
synthetic_train_audio/476521/d12d79b4c1fe47879fa371d54bcbc374.wav,476521
synthetic_train_audio/476521/dcc43ac1fb4f4cf08ce57f3744f5cc8a.wav,476521
synthetic_train_audio/476521/ddf4a43cfa224bb6a296ac188eeb8675.wav,476521
synthetic_train_audio/476521/dfa15f8094204920b195e900642bf797.wav,476521
synthetic_train_audio/476521/e537bef42aa745658cc8973d9f0ee196.wav,476521
synthetic_train_audio/476521/ea229f6184e64d75855b4b26fc17bdf5.wav,476521
synthetic_train_audio/476521/ebdf06fb310348e5b5efafd00ba2ea5e.wav,476521
synthetic_train_audio/476521/effc5457938c41ff85c4c093ea9c6d54.wav,476521
synthetic_train_audio/476521/fe6c9c9160694ab08be579ae5f119f83.wav,476521
synthetic_train_audio/516975/005c3d8c362945dabbc9464d6a79909b.wav,516975
synthetic_train_audio/516975/01849076a95b43e5a69745efa26fd160.wav,516975
synthetic_train_audio/516975/01f2a11d95da46d493061af6389ce40a.wav,516975
synthetic_train_audio/516975/07c53e66e89141f2a520a0da36a39bf9.wav,516975
synthetic_train_audio/516975/082ae074a89f4a1ba6ada44909b551ab.wav,516975
synthetic_train_audio/516975/0f7a154ab7814aa79c562261cf5dffca.wav,516975
synthetic_train_audio/516975/0fe715080fc3442bbc222b3da2059d60.wav,516975
synthetic_train_audio/516975/158df646c01d41ff8fb33bc7fe0c320d.wav,516975
synthetic_train_audio/516975/1d242deef60f4d0c8623158d37832062.wav,516975
synthetic_train_audio/516975/1e213e96a9344c87ae410cdceaf7f725.wav,516975
synthetic_train_audio/516975/213a9a73f9de43f1a3969ced4aadfa4e.wav,516975
synthetic_train_audio/516975/24059cbf6e8d450eaba7607507d1e22d.wav,516975
synthetic_train_audio/516975/256bd271c02e4d14a22baccbb9d5b38e.wav,516975
synthetic_train_audio/516975/2aae665d60af4ae2ba5a854103b85f53.wav,516975
synthetic_train_audio/516975/2bfd9ab598de4f00a67f93dd2053ea05.wav,516975
synthetic_train_audio/516975/2e39ab6793b343f5874d93bb9196d0ef.wav,516975
synthetic_train_audio/516975/398e063a644d4256abd6dd3540dc3b3f.wav,516975
synthetic_train_audio/516975/398fbf97492243559cfa0be2ad7b5fbc.wav,516975
synthetic_train_audio/516975/3e562ea492c844368449e5bb41e7e6ef.wav,516975
synthetic_train_audio/516975/4012fad8cffa454da0d525c6b787dd37.wav,516975
synthetic_train_audio/516975/457281cee7cb43fc94288e830e29f981.wav,516975
synthetic_train_audio/516975/45b1cd02a5c8447fa0029c087bdd3d3f.wav,516975
synthetic_train_audio/516975/4976b19c05ec495da0c8ef7d1076a3f2.wav,516975
synthetic_train_audio/516975/504d074872d04c209e07d9bfd79ce67a.wav,516975
synthetic_train_audio/516975/50dd85bb7e024cb590299e8524818dc1.wav,516975
synthetic_train_audio/516975/513e59ca483948f6874d73c300bb77eb.wav,516975
synthetic_train_audio/516975/51e1cc65f64045a5a2bb358c3b58e272.wav,516975
synthetic_train_audio/516975/53716b33d10d4ecd99eeca7559c8a80b.wav,516975
synthetic_train_audio/516975/54709579a1f142399ea8a75bc8454447.wav,516975
synthetic_train_audio/516975/57d56c037a8f48f69e5f758ce6c58b26.wav,516975
synthetic_train_audio/516975/585a4fb9340e49b7bd3c97fdd89c3d33.wav,516975
synthetic_train_audio/516975/5892a54dd0ef4c94bd5cb30c62e9c4a7.wav,516975
synthetic_train_audio/516975/5a7d4152118d40ff8e72e9bbea8ce920.wav,516975
synthetic_train_audio/516975/5ba522fb2deb49918008fd41a571ea0d.wav,516975
synthetic_train_audio/516975/5e657e5fd2fb47e791b6b91c9fe15324.wav,516975
synthetic_train_audio/516975/637fd6d156d34aa7b716ce32abafd2c4.wav,516975
synthetic_train_audio/516975/63d709919afa427980d61f783137f2a3.wav,516975
synthetic_train_audio/516975/679eed880c2b4b55ae7a9a7c2546343a.wav,516975
synthetic_train_audio/516975/69a00d3128cd4f12bf8fd1b550c4ed47.wav,516975
synthetic_train_audio/516975/6bdc49522c594009a7f515c632fa86b1.wav,516975
synthetic_train_audio/516975/6ece0219fe3846d18c17bf18de971b98.wav,516975
synthetic_train_audio/516975/72c1ba6000684beca39f751a2f42a2c3.wav,516975
synthetic_train_audio/516975/735fdf5f00f74e03929f40d4c59d24a6.wav,516975
synthetic_train_audio/516975/7e596faa63b34ed0b33f3dd4f8816c66.wav,516975
synthetic_train_audio/516975/7fcdc062448445b2b4a40738e6f6041d.wav,516975
synthetic_train_audio/516975/8282a879088c41b1a6ad83c8588dfa4a.wav,516975
synthetic_train_audio/516975/842e45a640164cd8a98f7bc1650333a9.wav,516975
synthetic_train_audio/516975/8c091260bbd445a180bd5388c5514152.wav,516975
synthetic_train_audio/516975/8cf36f70843f4a13ab41ceb256ba8911.wav,516975
synthetic_train_audio/516975/90e316f92974497296e7f55b14c0d524.wav,516975
synthetic_train_audio/516975/910451ad8933442698e9f25f76599b7b.wav,516975
synthetic_train_audio/516975/9498afd0a23b40e68f2c84cca4df4b45.wav,516975
synthetic_train_audio/516975/95449d4e1ee74a7b8d98f4095c30de66.wav,516975
synthetic_train_audio/516975/95c30bef492a487ea7f5dd09601335e7.wav,516975
synthetic_train_audio/516975/982a0bf623bf4e39a8b567c72bfe2033.wav,516975
synthetic_train_audio/516975/98ca5fa7a0a9421e8de16d365a860190.wav,516975
synthetic_train_audio/516975/99b4aeccd5f04280bf7d71024e53a4ff.wav,516975
synthetic_train_audio/516975/9ea21cc55a234b6192157227c7d49eb8.wav,516975
synthetic_train_audio/516975/a166a069e1ef4effb137015057a83038.wav,516975
synthetic_train_audio/516975/a526bc46d3b645faa579343ee8972720.wav,516975
synthetic_train_audio/516975/a9f6a3e84b5f420ea4aab72e319b05e8.wav,516975
synthetic_train_audio/516975/ab2750fe6c024e83a3f592b4355656dc.wav,516975
synthetic_train_audio/516975/ab732aa8e7944fa18eca062f0fc2e1f4.wav,516975
synthetic_train_audio/516975/ac01efc342a54bd4aae7e8f8c14bec12.wav,516975
synthetic_train_audio/516975/ac0d56df340f45f2809a8330508ef869.wav,516975
synthetic_train_audio/516975/ada2766c3a114c7294ef75b218a85262.wav,516975
synthetic_train_audio/516975/af505805b2d44deabd6b273768be8a6d.wav,516975
synthetic_train_audio/516975/b11bb5fa88ba4fd6a3acba405c64ae22.wav,516975
synthetic_train_audio/516975/b4a7c99f900d4283933aaa0b20ea689a.wav,516975
synthetic_train_audio/516975/b550bc1aec104119a86c2bbd2259c53e.wav,516975
synthetic_train_audio/516975/b9d70fbfb25641f88bd4aef297be0819.wav,516975
synthetic_train_audio/516975/c10e876ee2434ddfbb519ca0c33cb8d9.wav,516975
synthetic_train_audio/516975/c3966eb72aa94f1696fbbd0974a7cc45.wav,516975
synthetic_train_audio/516975/c3fbe24083594b5d97ec3c3790577e71.wav,516975
synthetic_train_audio/516975/c46b0fce64974ad69dbe177eef7f6f8b.wav,516975
synthetic_train_audio/516975/c854f98a5a714295907a31fd5ce795ca.wav,516975
synthetic_train_audio/516975/ca495ecc8ede4b1c9c5a89c7dfe592f0.wav,516975
synthetic_train_audio/516975/cef6b7a26e574501a77c698de80801db.wav,516975
synthetic_train_audio/516975/cefea02a01b440368b3061ced078a64c.wav,516975
synthetic_train_audio/516975/cf7be6f974cb401dae7e314e38c6bda8.wav,516975
synthetic_train_audio/516975/d13fb325a98b4bd1a82f06004aaf9807.wav,516975
synthetic_train_audio/516975/d31ba6d9225044df92f1d24a181b9901.wav,516975
synthetic_train_audio/516975/d82b6b5732674d2b82545a5f26ef1555.wav,516975
synthetic_train_audio/516975/d82f189a750e4ac499c3b43a9b1553e3.wav,516975
synthetic_train_audio/516975/d9d12d734ca344e0a581f37c094e03c6.wav,516975
synthetic_train_audio/516975/dc8221c8fc78492f8ee6fd4dde4e6c91.wav,516975
synthetic_train_audio/516975/ddab27adcc0947edb812a0890d45fbfc.wav,516975
synthetic_train_audio/516975/e2bc168d2a424f7fb17992b3cd7965aa.wav,516975
synthetic_train_audio/516975/e3dac9ebec2240bcbdea0587e174fe5c.wav,516975
synthetic_train_audio/516975/e5550c9a37854b7ab83ef8ae1cbaecb3.wav,516975
synthetic_train_audio/516975/e5917153331f4210ab0b3c810df8a435.wav,516975
synthetic_train_audio/516975/e7c620629e414873a037f29bc3d3fa9b.wav,516975
synthetic_train_audio/516975/e8f294c0a7934b6facd3066dbb4d0bf1.wav,516975
synthetic_train_audio/516975/ece23ad56d4f4587bac16f7282d2d40d.wav,516975
synthetic_train_audio/516975/f21b3ae36f934f08b416c9e3638e8343.wav,516975
synthetic_train_audio/516975/f3969c27610141aeb11b8339116f9194.wav,516975
synthetic_train_audio/516975/f9f40a65e4e649649a9e58f4befc933d.wav,516975
synthetic_train_audio/516975/fcb83ebd19e34fbd82476670d62caf31.wav,516975
synthetic_train_audio/516975/fec7ffe28a664f5f8236e636d7b95123.wav,516975
synthetic_train_audio/516975/ffccca3835d846c79c761f4115f41918.wav,516975
synthetic_train_audio/555123/033e3b2e0e14459b8f65f204bc47643b.wav,555123
synthetic_train_audio/555123/04213cc836a748bd8fdccd45c0f9b4aa.wav,555123
synthetic_train_audio/555123/0663ad9235e34b5b99c1f190d443c3cd.wav,555123
synthetic_train_audio/555123/0af194c931e74458b1232c4068ca0e91.wav,555123
synthetic_train_audio/555123/0b71ff1d50f94420ad32c9664f720980.wav,555123
synthetic_train_audio/555123/0e4ec8bd87874282bf03bece69db5565.wav,555123
synthetic_train_audio/555123/0f9124f2c4dd4e28b2089d368ca9e809.wav,555123
synthetic_train_audio/555123/1656259e176d47458fa10d9e0b7250e3.wav,555123
synthetic_train_audio/555123/1cd2ef05c08a4ae38aa05b65debbcab8.wav,555123
synthetic_train_audio/555123/1cd3a6a4be5d4c799c56fb5da04c7b50.wav,555123
synthetic_train_audio/555123/1dbbc543f8574598897340bc142c96ff.wav,555123
synthetic_train_audio/555123/1f563b9cd4d340e2a29dc7175fff2cce.wav,555123
synthetic_train_audio/555123/202902d8b2a047fd98303c16341ea017.wav,555123
synthetic_train_audio/555123/20f2bce4e75f4ef38d7fabe62dfea1e5.wav,555123
synthetic_train_audio/555123/21394f24d0214194add8c34a8dfe31ae.wav,555123
synthetic_train_audio/555123/219355398d914ef68b4747b079fdb5b0.wav,555123
synthetic_train_audio/555123/22466a47d47145ad8f6b4d3b5249aea0.wav,555123
synthetic_train_audio/555123/297dcf81782b48b18d8ad055b125d63a.wav,555123
synthetic_train_audio/555123/2b11f9ba3ee542659a2e57c10c9cdd48.wav,555123
synthetic_train_audio/555123/2cf20638480d4a8cbab6f39dcefa407b.wav,555123
synthetic_train_audio/555123/31e1548b6982466e90a9265b88010b36.wav,555123
synthetic_train_audio/555123/34aeeb185dea44218c10e2c9e6184273.wav,555123
synthetic_train_audio/555123/35a340305ba84b5c901bf9292945d580.wav,555123
synthetic_train_audio/555123/371eefe8b8f34a578a7cb68881dd5b57.wav,555123
synthetic_train_audio/555123/39693cccbcc94a34bd1f6974c27374d7.wav,555123
synthetic_train_audio/555123/3b5c1a28a2714d73a64dcffb2defe871.wav,555123
synthetic_train_audio/555123/42b5f154874545d0b4db2ce318f6bc02.wav,555123
synthetic_train_audio/555123/4465ebdca19644d98fd1bd98a70dcbeb.wav,555123
synthetic_train_audio/555123/470bc01a6fdf4269bef25712b8175518.wav,555123
synthetic_train_audio/555123/4a02949996a149eba6f811f4b57c4fab.wav,555123
synthetic_train_audio/555123/4d304e6ed0e14771a8db559cb22855fc.wav,555123
synthetic_train_audio/555123/4f686866ed804027a5bfc623e39973a3.wav,555123
synthetic_train_audio/555123/4fa456539e88429490b4483e39dac76d.wav,555123
synthetic_train_audio/555123/519374d7ef8c463cb72a1382964d4be7.wav,555123
synthetic_train_audio/555123/530f6e51be484c2992757215f99b2767.wav,555123
synthetic_train_audio/555123/56453ee43c8e4edfb5616696a0c5b36d.wav,555123
synthetic_train_audio/555123/5687960b639b42babc4fa1478c3d2a09.wav,555123
synthetic_train_audio/555123/5e1d2a6ac8864a02b47f97ba4f4cdb3b.wav,555123
synthetic_train_audio/555123/68474a4f8a0f404c9300966649e94aea.wav,555123
synthetic_train_audio/555123/6f6d9998532d4318b1f8137c798a1429.wav,555123
synthetic_train_audio/555123/6f9bd4f83543490b832a015f0a6b9f45.wav,555123
synthetic_train_audio/555123/70477e4f488b4fac9646d38d4e8c8821.wav,555123
synthetic_train_audio/555123/70bc2befae404a83ac96a3b273959e34.wav,555123
synthetic_train_audio/555123/78a4114eae6d444ba3b5d4011a819c03.wav,555123
synthetic_train_audio/555123/7b86812917474fdf9ec12fd137593dca.wav,555123
synthetic_train_audio/555123/7d265758ef6345f69a27ea68aab23876.wav,555123
synthetic_train_audio/555123/7df0e30fefc8451a93185677953b204b.wav,555123
synthetic_train_audio/555123/7e1259c15bd74fca91dbb9370684304d.wav,555123
synthetic_train_audio/555123/83efe68fe03d48a4af417755f639ec46.wav,555123
synthetic_train_audio/555123/90e0321465f94575a2c6dec0c8b46daf.wav,555123
synthetic_train_audio/555123/94a1cf46eb4c4e60990e7aff20a6d556.wav,555123
synthetic_train_audio/555123/992e21d290874eb5aeceb08b49883ad6.wav,555123
synthetic_train_audio/555123/99fc0d64a7f54adab261094588da9534.wav,555123
synthetic_train_audio/555123/9e0ae572894a4ada94ed96baae73223f.wav,555123
synthetic_train_audio/555123/9e8434edfdc14845888b80fb26ce0ff8.wav,555123
synthetic_train_audio/555123/9fc76db1c8bd4ea3846f68eab8c67c83.wav,555123
synthetic_train_audio/555123/a0ee8f84179548a18f4bb7c922ef98b0.wav,555123
synthetic_train_audio/555123/a14f2791919a4df1b43810a656986ecc.wav,555123
synthetic_train_audio/555123/a2337a119cda48c1b44c37cece383f07.wav,555123
synthetic_train_audio/555123/a48be5b0d8354a91ab11021b08dee260.wav,555123
synthetic_train_audio/555123/a4dea660434442aead8463c2ca3a1adc.wav,555123
synthetic_train_audio/555123/a5fb20d838bc4ff3a134f3b02e69b013.wav,555123
synthetic_train_audio/555123/a873b483554046e285576319e3a9a83d.wav,555123
synthetic_train_audio/555123/aa87350460f348afbe81f182173c6357.wav,555123
synthetic_train_audio/555123/ae38e5e37cc446eba376aeaae80a5de6.wav,555123
synthetic_train_audio/555123/ae41c332d5964b558fc5f1112c85f632.wav,555123
synthetic_train_audio/555123/ae987f94754a4e1a8784a5b180d17d74.wav,555123
synthetic_train_audio/555123/af0a552fd9494d00ae44da4efb5dc39d.wav,555123
synthetic_train_audio/555123/bc8a4d5596e14fc79f036aed4d189f57.wav,555123
synthetic_train_audio/555123/be7bf0c8e439407d852e7a0f66bd7e64.wav,555123
synthetic_train_audio/555123/c06fb022fd4c41febf3d97becce38951.wav,555123
synthetic_train_audio/555123/c18b77c1e76d48d39450a9f7ce2a631c.wav,555123
synthetic_train_audio/555123/c1fb503ca7af400fba14a2d567eaa305.wav,555123
synthetic_train_audio/555123/c37fd25015114630bb0dadbf8f864857.wav,555123
synthetic_train_audio/555123/c750ec92c1c84600b60196eddeba293e.wav,555123
synthetic_train_audio/555123/d21d00aeeedf476885e44c20064dd5e9.wav,555123
synthetic_train_audio/555123/d220aa0b1a22480c9a84d0e54b0da8bb.wav,555123
synthetic_train_audio/555123/d31ce16be38a4ccc975d458e652a0807.wav,555123
synthetic_train_audio/555123/d6419f07502a4f7b93da875de1555265.wav,555123
synthetic_train_audio/555123/d7c4caa58bac4c6792f3a78b6b717e6e.wav,555123
synthetic_train_audio/555123/dc5d580005884554ad49694b255bc998.wav,555123
synthetic_train_audio/555123/dc687486f8f8431abf10947ea86bd4b9.wav,555123
synthetic_train_audio/555123/de24764a2fb74fd99400ab27f8ed879a.wav,555123
synthetic_train_audio/555123/dfec2bbe67884b8fb0f3787a99bd0cef.wav,555123
synthetic_train_audio/555123/e4abeca1a19e480cae6c2de016b2d56b.wav,555123
synthetic_train_audio/555123/e923279debcd425c9e6be2afe0961e76.wav,555123
synthetic_train_audio/555123/eb8703d26948473b8b488452c35174e7.wav,555123
synthetic_train_audio/555123/ebcfaf9777ef42e4ac99b231c6256f85.wav,555123
synthetic_train_audio/555123/ecc259ddb5a640a693dbc0e21be39622.wav,555123
synthetic_train_audio/555123/f14f53e084964e3897afe2002d3fd9f4.wav,555123
synthetic_train_audio/555123/f18e7199f6484625989fc6f0030ee6af.wav,555123
synthetic_train_audio/555123/f356c3838e5044b6aedc0df11e8ed2fc.wav,555123
synthetic_train_audio/555123/f9ef799d544d4a7eaf1f1eb854c5d286.wav,555123
synthetic_train_audio/555123/fa726202b3c64478a5dfd5c10f49fc69.wav,555123
synthetic_train_audio/555123/fb6a1e0aed9940048036fa579f73fd9f.wav,555123
synthetic_train_audio/555123/fd413e086e094e7eb51647050ce06783.wav,555123
synthetic_train_audio/555123/fe68a53d1516434c913db831efd2e99b.wav,555123
synthetic_train_audio/555123/ff54288ddd0c448d82f95d947bc99b81.wav,555123
synthetic_train_audio/555145/04752937259c4eb88ff0beeb978aad4a.wav,555145
synthetic_train_audio/555145/07be0aeb65474650b47fffd771295548.wav,555145
synthetic_train_audio/555145/09a404ccad8d4c7f8dcf6bb32b25eb69.wav,555145
synthetic_train_audio/555145/0bd854e2f588462fa395e9279cff111d.wav,555145
synthetic_train_audio/555145/0c4916c791b94d94abbc0fc040c5be0d.wav,555145
synthetic_train_audio/555145/12bbaa32a72f4495b6503a45c9946c86.wav,555145
synthetic_train_audio/555145/1b2d74b5cead4bd2a239aabe0c84dc4f.wav,555145
synthetic_train_audio/555145/1f81bf04df6c45f487c8f741b1e42528.wav,555145
synthetic_train_audio/555145/2523eac2187143fdb86d9f1d5008baa8.wav,555145
synthetic_train_audio/555145/299841eea15e41ec857294a079a6dabf.wav,555145
synthetic_train_audio/555145/340021050f2c41f5810b8e26af915242.wav,555145
synthetic_train_audio/555145/35aeb46ea2db49e1921303a7fb9056fe.wav,555145
synthetic_train_audio/555145/39aa48a0868d4577a8fff9d1b6fd310d.wav,555145
synthetic_train_audio/555145/3dfb680ab5534953a18ccb5efdf3d9ae.wav,555145
synthetic_train_audio/555145/431d5a51d4de4fc9bd206b8c2c5ad93d.wav,555145
synthetic_train_audio/555145/44b205724da74a79a45dba9f4fbe8c94.wav,555145
synthetic_train_audio/555145/4608438bddbb438695f9614664bc91e1.wav,555145
synthetic_train_audio/555145/4667c6f2fbd54d79a616cd61ce116fe0.wav,555145
synthetic_train_audio/555145/46d32ccb41434db9b60eace5dcb1e787.wav,555145
synthetic_train_audio/555145/47837c48e10d4e64966064f2b2e6dfb3.wav,555145
synthetic_train_audio/555145/47a248d34a974414aa60e108f54628e1.wav,555145
synthetic_train_audio/555145/55e06958092543f4aca5d7d76f841523.wav,555145
synthetic_train_audio/555145/5abab3c10c2a493abbae50f99f28c63b.wav,555145
synthetic_train_audio/555145/6092c5797de0447b9969788c96fa18f5.wav,555145
synthetic_train_audio/555145/61685141156c454e99305c41fb360de1.wav,555145
synthetic_train_audio/555145/62201492d0554a71857a69d4d29fb110.wav,555145
synthetic_train_audio/555145/681eb5ce39774525b4e1f06d3920015d.wav,555145
synthetic_train_audio/555145/72c32625847a4e77a7ba4b13c2003f92.wav,555145
synthetic_train_audio/555145/72cde6c77aff49bcb30571ca9d815d55.wav,555145
synthetic_train_audio/555145/7479579e2bcf4024bd0b256f1744ff13.wav,555145
synthetic_train_audio/555145/759dbbdaab6f4073b3f45debab0884ca.wav,555145
synthetic_train_audio/555145/800b4fc5812e4d6da49b190031edb918.wav,555145
synthetic_train_audio/555145/81c174768c98420689b7f8dc88143027.wav,555145
synthetic_train_audio/555145/846de3921e0845809bc9059a51914663.wav,555145
synthetic_train_audio/555145/84ca567181c64cd5a23247ee72f6792c.wav,555145
synthetic_train_audio/555145/8695ef0245b443b582f415bd775091b5.wav,555145
synthetic_train_audio/555145/8967cd00b52e44a89f898119ee9d1925.wav,555145
synthetic_train_audio/555145/89b2c10293034c4db3023140673b7ed4.wav,555145
synthetic_train_audio/555145/8b6d4073f3214b4d9f448d45bd1af1d3.wav,555145
synthetic_train_audio/555145/8b83e4dd362c4c61abd6d5134bced09c.wav,555145
synthetic_train_audio/555145/8c822be6ce374b5f94cbd223ce310f77.wav,555145
synthetic_train_audio/555145/9164912e5d9a4c91bad68b815282626c.wav,555145
synthetic_train_audio/555145/918dee0a61d044e4a5e806621829f573.wav,555145
synthetic_train_audio/555145/91920b8365b24166882b5ad8974904a3.wav,555145
synthetic_train_audio/555145/926966b0509743949c5708a6ac7bc2de.wav,555145
synthetic_train_audio/555145/96ca0fb138174e8b87c6752a0697f949.wav,555145
synthetic_train_audio/555145/9af9f43973724cecb67ba47a3d98065a.wav,555145
synthetic_train_audio/555145/9eeff584507345c6a71ac39b6e9b6ee8.wav,555145
synthetic_train_audio/555145/a15dfac37206474f919d9c28b0b28c1f.wav,555145
synthetic_train_audio/555145/a411cdceabe04fdc86a281b5dc2005a9.wav,555145
synthetic_train_audio/555145/a4d57cd105fa4ae69dc824229616ac00.wav,555145
synthetic_train_audio/555145/a885f77ce1094990b473a21fa42b62f9.wav,555145
synthetic_train_audio/555145/a8c1ce8ad8eb49108431bcf4f6254bfa.wav,555145
synthetic_train_audio/555145/a8e7f4f15fd8443bbba9affe2398b00b.wav,555145
synthetic_train_audio/555145/ab893f6fe1b6493e85ce22895cafc6ff.wav,555145
synthetic_train_audio/555145/ac15fe1c37e44d34a659615d259242c4.wav,555145
synthetic_train_audio/555145/afe6f5f4930e41d396fa2440065dbd3b.wav,555145
synthetic_train_audio/555145/b22e6e5c803a48b9a2483ff6412e4854.wav,555145
synthetic_train_audio/555145/b41d0cb1f642464c9fd5f46921ff5a81.wav,555145
synthetic_train_audio/555145/b805f003edcd47df8346a54bea63f0a5.wav,555145
synthetic_train_audio/555145/b8f48454892f4ed1b409b5f991fdf482.wav,555145
synthetic_train_audio/555145/bc9703c3fa2c456bb2a705469dc9db7a.wav,555145
synthetic_train_audio/555145/be55ac06dc934ec8aec08d89f6a324ea.wav,555145
synthetic_train_audio/555145/be71829469914036b9fb2de4abeabfb7.wav,555145
synthetic_train_audio/555145/c1e477dd4de641718969e5e8837e0ba9.wav,555145
synthetic_train_audio/555145/c2434b4f0af3480baa87811d6b997073.wav,555145
synthetic_train_audio/555145/c32e216eaeea4eac89983f9c6de7b8fd.wav,555145
synthetic_train_audio/555145/c3bc159957a1499e90eacb8b73960b87.wav,555145
synthetic_train_audio/555145/c46aca65a1994192b1bf07670761641b.wav,555145
synthetic_train_audio/555145/c4e7d024c2a04ab0aa9237429c7f1a15.wav,555145
synthetic_train_audio/555145/c8f365182f894c6b91b3e649d0770425.wav,555145
synthetic_train_audio/555145/d1c8971c82884befbb70628fc0caaa50.wav,555145
synthetic_train_audio/555145/d4e663780a614d73aee5ff8e3dce28b3.wav,555145
synthetic_train_audio/555145/d609ea12235d4e8bbd85864a591005eb.wav,555145
synthetic_train_audio/555145/d66a859a60444c9fbe12b178f5e29d07.wav,555145
synthetic_train_audio/555145/da364ff222ce4acf8dc29146a5a0507a.wav,555145
synthetic_train_audio/555145/db177fd596a64bbd94ccf71bcb1a1214.wav,555145
synthetic_train_audio/555145/dc96aff314274d55b40b1e8222881ebc.wav,555145
synthetic_train_audio/555145/e02dda6c23c44f5daa6453a9f5ca7b37.wav,555145
synthetic_train_audio/555145/e2096946059a421a943a54622d723033.wav,555145
synthetic_train_audio/555145/e3e585ab0d2f4ca6aa0a1bb1e93516ac.wav,555145
synthetic_train_audio/555145/e3ed4f928cbc41f29cba7c0f71cd834e.wav,555145
synthetic_train_audio/555145/e42e467d670c4e1caae8f34e46db17c4.wav,555145
synthetic_train_audio/555145/e6eeafbe69a545f1bde44d8da56b4b15.wav,555145
synthetic_train_audio/555145/e818d0554a9c43538919499d7b0d32d7.wav,555145
synthetic_train_audio/555145/ea9803bb9a074c80b1a05c7c0dcbf897.wav,555145
synthetic_train_audio/555145/ead169874ecd43a2b08530cc93f42865.wav,555145
synthetic_train_audio/555145/f183bc71cbf4496cb8cf4edcc791c26a.wav,555145
synthetic_train_audio/555145/f36f36d9eadc430f89fb1a9cbc73ec8f.wav,555145
synthetic_train_audio/555145/f66e66d3de734d79a24699f197bdb470.wav,555145
synthetic_train_audio/555145/f796c301951a4366a2196b4cd36d1919.wav,555145
synthetic_train_audio/555145/f860007c8b144a498ec92f31ef8fbedc.wav,555145
synthetic_train_audio/555145/fce2a835675d40a889300d5359c11335.wav,555145
synthetic_train_audio/555146/00b2f8e05908418b9dcb9e24391606ea.wav,555146
synthetic_train_audio/555146/0b2149a1d8004aa3b64e69055cc72ace.wav,555146
synthetic_train_audio/555146/0c10b432b91d463b9727e3bf4421724e.wav,555146
synthetic_train_audio/555146/0da1e1b58f034f0fbc5f73207085559a.wav,555146
synthetic_train_audio/555146/0e5576e9bdd54037a80e9fae8dcad750.wav,555146
synthetic_train_audio/555146/126c8cf9a294412c96a0453624325eb1.wav,555146
synthetic_train_audio/555146/14919fb91b5e4b2387b2c930264a2ab4.wav,555146
synthetic_train_audio/555146/18a5f11cf50640fcb58f43450cc47b0f.wav,555146
synthetic_train_audio/555146/18b98b2e4f7945a59877dd9a77e60f41.wav,555146
synthetic_train_audio/555146/1f372ddfae284d0d9d0a1e2564fab605.wav,555146
synthetic_train_audio/555146/20a39f49430c41e9a0c90b10abec54bd.wav,555146
synthetic_train_audio/555146/21e2bc718b4349238d74524056472e04.wav,555146
synthetic_train_audio/555146/23fea08d4e214f82a1eba824969c157b.wav,555146
synthetic_train_audio/555146/29b9b8fe19f6437cb23da86657262c8d.wav,555146
synthetic_train_audio/555146/29bd9451620249559a103c5ea279a645.wav,555146
synthetic_train_audio/555146/31ebc7656f4c480aaf01f8f92a62b89c.wav,555146
synthetic_train_audio/555146/34569e60397942cd8720e14fc7935106.wav,555146
synthetic_train_audio/555146/368133dbdcd94af1a5976d8288f84f55.wav,555146
synthetic_train_audio/555146/39bea057a7c94a5bb3c9d848b43ce2fa.wav,555146
synthetic_train_audio/555146/3be130d7d68742f298c0add18ed79505.wav,555146
synthetic_train_audio/555146/3f54bc168ae647d4b1c1494adf4e62e9.wav,555146
synthetic_train_audio/555146/3f9a647a1cfb44b18bf36e97bcb1ad3e.wav,555146
synthetic_train_audio/555146/41f87fc3e91b45fba04cbb2de92054e7.wav,555146
synthetic_train_audio/555146/4207fa91d22c42ada3fe2132a6a18dbe.wav,555146
synthetic_train_audio/555146/44560dbb79b9415e8c67409107b0b431.wav,555146
synthetic_train_audio/555146/4547bdb4406949ec8eb62a6b9591872c.wav,555146
synthetic_train_audio/555146/4bf5388652734520a2e331505cddbdb2.wav,555146
synthetic_train_audio/555146/57be26e5ff654b0e9006995a2449d46a.wav,555146
synthetic_train_audio/555146/65ab1737f05d4298a5d812d93e6d9f6d.wav,555146
synthetic_train_audio/555146/67e434ce4c7b420c9452cef03f4e7e29.wav,555146
synthetic_train_audio/555146/6d479e4beca542af9b61890c857f3ec8.wav,555146
synthetic_train_audio/555146/71ee9d230c0e4b14ba414eb33f2eed67.wav,555146
synthetic_train_audio/555146/72d1c9368fac4a3fb21b99439c126383.wav,555146
synthetic_train_audio/555146/74805d10db0741ae81dc7a0b383feb4d.wav,555146
synthetic_train_audio/555146/7ec3c90ace7a4125b504ef11eedf0b64.wav,555146
synthetic_train_audio/555146/80d46dbb793942368e26ffde0f3eb99f.wav,555146
synthetic_train_audio/555146/8149259f410d40f68a06dc15da57051e.wav,555146
synthetic_train_audio/555146/81f2fdfb0065407e9523d3ed6ee017e7.wav,555146
synthetic_train_audio/555146/8455df925b3f47a5a7c3efcc98f5fad6.wav,555146
synthetic_train_audio/555146/872cff5daf8b4f8cbf94f2cce0176a3c.wav,555146
synthetic_train_audio/555146/941c4fcf047c46b79243a44bd5cba2cb.wav,555146
synthetic_train_audio/555146/9462ec47bcc8466a8e24465071a7642e.wav,555146
synthetic_train_audio/555146/955c0a49592d4b639f289e8b5811e917.wav,555146
synthetic_train_audio/555146/973e35d1205d41149073fec3c220ccfb.wav,555146
synthetic_train_audio/555146/9aadf3c20e2947db8e5970257cacae2c.wav,555146
synthetic_train_audio/555146/9ab104c648244ed491a30586277fa733.wav,555146
synthetic_train_audio/555146/9bcee9d54e02496197294690319ee430.wav,555146
synthetic_train_audio/555146/9fe701890f8c4823ac17e492c04d238a.wav,555146
synthetic_train_audio/555146/a7095aa551eb461e9fd5962151f7a653.wav,555146
synthetic_train_audio/555146/a7a5532b7ee94f28b823b74d1cb89290.wav,555146
synthetic_train_audio/555146/a8142ef1c73c4bd688b81132868bc955.wav,555146
synthetic_train_audio/555146/a9a97e2a376d453f91e65f4d499a99ba.wav,555146
synthetic_train_audio/555146/ac731411b9fb408bb31139f985e83107.wav,555146
synthetic_train_audio/555146/ad902e9f87e847f0bdbc8eeddfceaea8.wav,555146
synthetic_train_audio/555146/af6a5042ce974bb89378f34d14d710c3.wav,555146
synthetic_train_audio/555146/af9af17a89d74651a83a123a2e4954c0.wav,555146
synthetic_train_audio/555146/b30ca630d41848cc9be4a008f23d8afb.wav,555146
synthetic_train_audio/555146/b51cf89d14cc4aad8d6ea3e3f7a26857.wav,555146
synthetic_train_audio/555146/b5b457d1468f4cf7a764bf30cb124d3e.wav,555146
synthetic_train_audio/555146/b824ce5125ef46798d3c8c244496129b.wav,555146
synthetic_train_audio/555146/ba3255a4a75745eea3b09ab87e0aa019.wav,555146
synthetic_train_audio/555146/bc5cf6b9baf648518c1f8eeb2925a0ff.wav,555146
synthetic_train_audio/555146/c241e55256324a30983dacc1bcbe17c0.wav,555146
synthetic_train_audio/555146/c3b34a929232440aab338bd1516f2350.wav,555146
synthetic_train_audio/555146/c3c821383e9742ccb8e4a3de4059c968.wav,555146
synthetic_train_audio/555146/c416ed5aee51433bb5e22fcc4437930e.wav,555146
synthetic_train_audio/555146/c5514b6875a741abba3381884a43ff01.wav,555146
synthetic_train_audio/555146/cb0a906905c64dd187407418b0298c59.wav,555146
synthetic_train_audio/555146/cbf19cb8fda04ad4ade78f39b66c7c4a.wav,555146
synthetic_train_audio/555146/d07d6039b2b04028843edb1cbe7de5f4.wav,555146
synthetic_train_audio/555146/d36acde1488642ada994d6bcefb079d0.wav,555146
synthetic_train_audio/555146/dc4f2de7c4dc40fa834ea96c43412df0.wav,555146
synthetic_train_audio/555146/ddf450d50eb04e61ab8a7407d1427d84.wav,555146
synthetic_train_audio/555146/dfcc9054800c4feb8c1c535b13594a47.wav,555146
synthetic_train_audio/555146/e263b90c9fa942bc8ec567dec08c9a5e.wav,555146
synthetic_train_audio/555146/ec9596eb44f9439ebc4dcb235ebc5aa6.wav,555146
synthetic_train_audio/555146/ef2d59efc4b24be3bb6c769c1976d0fb.wav,555146
synthetic_train_audio/555146/ef5d0d1e9b5f4422aa83cff9739455a1.wav,555146
synthetic_train_audio/555146/f451030912bf44ffa2ae93bde08e6d49.wav,555146
synthetic_train_audio/555146/f4deb43818b84a909dc869ee339d12fc.wav,555146
synthetic_train_audio/555146/f716117a2fb54169b3f5c5db07084980.wav,555146
synthetic_train_audio/555146/f98c5b4fb8ce460daa5d551b0286b1e8.wav,555146
synthetic_train_audio/555146/fb9cc239d9df486f9f431b1f4b60dd5b.wav,555146
synthetic_train_audio/555146/fbe974add8894adab52a8d0c9a9d7a2b.wav,555146
synthetic_train_audio/555146/fdd1b5b5dcb6408ba16653846d2eeec0.wav,555146
synthetic_train_audio/555146/fdd1b6191782450d8cffc2b50efee966.wav,555146
synthetic_train_audio/64898/00b74b60e7e74c43bf6b29df62610d01.wav,64898
synthetic_train_audio/64898/03c61b0c835849fdbec642443c7f09e7.wav,64898
synthetic_train_audio/64898/0565ed371a5c4d1a8b34743d7fc3793e.wav,64898
synthetic_train_audio/64898/0b976fc9ba1748f78068aa8dc7af43ab.wav,64898
synthetic_train_audio/64898/0c14ec38114a490bb533e79a7d415a0c.wav,64898
synthetic_train_audio/64898/0ed0364cf3f64932a4f5e184ec6c5c02.wav,64898
synthetic_train_audio/64898/11eaec3f8bca47ef9fca23e5b6421d71.wav,64898
synthetic_train_audio/64898/1460ca3c677443f18260e73fa9aeab0f.wav,64898
synthetic_train_audio/64898/1497edc5001e40aea9fe75d2d14ca43d.wav,64898
synthetic_train_audio/64898/19cfe1b3a24c493fa6727190aa79e08d.wav,64898
synthetic_train_audio/64898/1d1f989ef809473589cab53b62fea613.wav,64898
synthetic_train_audio/64898/1edf36e357d14acdaecf1ffbbba6aa76.wav,64898
synthetic_train_audio/64898/2065dd495dd74b57883deed008c50495.wav,64898
synthetic_train_audio/64898/2070cea652a34e0dafd1f34f864700ef.wav,64898
synthetic_train_audio/64898/34f1a8d8640b47bba09482226fa82679.wav,64898
synthetic_train_audio/64898/35828a9f8ecb451992f623620f47527a.wav,64898
synthetic_train_audio/64898/37402d9fd2f042b3a18218650b122492.wav,64898
synthetic_train_audio/64898/3754cf353f444ea8a50a87c8d843f400.wav,64898
synthetic_train_audio/64898/390e755d8776473699dfa1787af9dc66.wav,64898
synthetic_train_audio/64898/39f0843e46424a2394b394800116f96f.wav,64898
synthetic_train_audio/64898/3ebcba074c9b46b58271ae5393a24cc8.wav,64898
synthetic_train_audio/64898/40460debe8e14f2c8c961591ddd228d6.wav,64898
synthetic_train_audio/64898/411ab3dd77f04e319fcde8902176a5c1.wav,64898
synthetic_train_audio/64898/42f46bf813eb42aaaffe61c4f5be7661.wav,64898
synthetic_train_audio/64898/487dbba8e4de49a594fa358374833eb1.wav,64898
synthetic_train_audio/64898/4c7b7a42f12b49089fcbc529e6816f3e.wav,64898
synthetic_train_audio/64898/4cdcfa6cec574aa5ac69f83226e3448d.wav,64898
synthetic_train_audio/64898/4dbf373c1d2a44b29384c6238363c228.wav,64898
synthetic_train_audio/64898/4e56bdcbc16d4474853836589980e0a3.wav,64898
synthetic_train_audio/64898/4ed953ab1f524fd38876b5cd8914e271.wav,64898
synthetic_train_audio/64898/4f119be719634dc1a78cda1f85367021.wav,64898
synthetic_train_audio/64898/506add5c9b124f5684acdae8cb967d66.wav,64898
synthetic_train_audio/64898/5233df4b2acb4b219b73680a9a16bf9b.wav,64898
synthetic_train_audio/64898/534146356caa491e8791dc7a99dcc73a.wav,64898
synthetic_train_audio/64898/56ad7ee83af54814a8a7c5be562481dc.wav,64898
synthetic_train_audio/64898/58f72b5a91164cd29ae668d0b23725fb.wav,64898
synthetic_train_audio/64898/5927bbe8db5b4604a76b561eea8fab48.wav,64898
synthetic_train_audio/64898/5b20db78c84649b2807d8069b83dbf01.wav,64898
synthetic_train_audio/64898/5c18bc83a0df4a86bfabaad4350bc5cd.wav,64898
synthetic_train_audio/64898/607e5938a8ec48f69b711b26860c06dc.wav,64898
synthetic_train_audio/64898/6302233bbbda48e996c79373d58d749e.wav,64898
synthetic_train_audio/64898/6e4799732f7f46539f3b3c0314fe5965.wav,64898
synthetic_train_audio/64898/6e4d8aeac3c04fd1b2a09c68eeb015f7.wav,64898
synthetic_train_audio/64898/6f08060d6ad146d6bebe6788df185177.wav,64898
synthetic_train_audio/64898/6f1cff2c638f42438588bafce0fe670b.wav,64898
synthetic_train_audio/64898/6f7d802c86554dd2898dee2eea5b8a2b.wav,64898
synthetic_train_audio/64898/72fbdf8456b34abe9e9f59cf58274a41.wav,64898
synthetic_train_audio/64898/73a6e5a0a13740dba6bfc4be652c170c.wav,64898
synthetic_train_audio/64898/79786d03ebb643a58ca45ef6833fb662.wav,64898
synthetic_train_audio/64898/7aff3f618b124e3682876d1a132daf70.wav,64898
synthetic_train_audio/64898/7baa4219a1de484a880d1f242f7b8e74.wav,64898
synthetic_train_audio/64898/7c21914fd55f4dbeae4d7bfbf98e7455.wav,64898
synthetic_train_audio/64898/7c2861982f7c4ac6926ede5ece3b95d0.wav,64898
synthetic_train_audio/64898/7ca4eb14a2b145fd8b8e6b516e2f4905.wav,64898
synthetic_train_audio/64898/7d53345731fd456fb5222a73e3f5997a.wav,64898
synthetic_train_audio/64898/7e8df77912a947e9bfc27c9853a70056.wav,64898
synthetic_train_audio/64898/80aec649f696456bb6655af224837302.wav,64898
synthetic_train_audio/64898/81ef2da680df4613a03df53cff0d40fb.wav,64898
synthetic_train_audio/64898/82ec553a63c0419891fcd1e936d50333.wav,64898
synthetic_train_audio/64898/8617a33edc7c4a3ebc26a33d5a324470.wav,64898
synthetic_train_audio/64898/867cf768e8f843a483ed2f221fb11294.wav,64898
synthetic_train_audio/64898/868a0d0499b2484dbe34994c750c8a94.wav,64898
synthetic_train_audio/64898/88e0481eae8e4e6aa894c34e01c8e648.wav,64898
synthetic_train_audio/64898/8b13ed348a964adf971511fb077ea83e.wav,64898
synthetic_train_audio/64898/93dd6415f08b46ae9149abdfd0ae78fe.wav,64898
synthetic_train_audio/64898/98c231f08b8d46a4b766563b17631b46.wav,64898
synthetic_train_audio/64898/a1f9ea1d96874d65ba98615616e3e179.wav,64898
synthetic_train_audio/64898/a47a6cff01bc4dca8ae14001cb325cbf.wav,64898
synthetic_train_audio/64898/a9cb6a3f0f294ae79c996992040965f7.wav,64898
synthetic_train_audio/64898/aa6992b5adb048019946760b1eba6209.wav,64898
synthetic_train_audio/64898/ab1100ae7f0b4ee3bf2ca313371e7b5e.wav,64898
synthetic_train_audio/64898/ab1d668065234db1b3aae513384e882e.wav,64898
synthetic_train_audio/64898/aca85c92230f4e48938208b09e0e4d50.wav,64898
synthetic_train_audio/64898/acde754165b04b90ba323948299b24f1.wav,64898
synthetic_train_audio/64898/b23396c7d3b145f78edf5eeedafc57c1.wav,64898
synthetic_train_audio/64898/b316b50fccfa4576967819eec3194402.wav,64898
synthetic_train_audio/64898/b836fd2c9a8e468a94e2325487fbdf8d.wav,64898
synthetic_train_audio/64898/be79e6ab3c3949909d5dfc7abd1febee.wav,64898
synthetic_train_audio/64898/c09a8173749c459c81b6efbefbefe8e5.wav,64898
synthetic_train_audio/64898/c1bcc720c04a40f386afd5b03ea43542.wav,64898
synthetic_train_audio/64898/ce8f83b92d84477c87534427ce4729e0.wav,64898
synthetic_train_audio/64898/e2aa1de8d7364f7dad2393f6830a1853.wav,64898
synthetic_train_audio/64898/e36c3609d4ce4b84991978b87893daac.wav,64898
synthetic_train_audio/64898/e644481547d6425e8fbbbe4e54e77869.wav,64898
synthetic_train_audio/64898/e87b2844c6c04815b1f2be6cd5796a5d.wav,64898
synthetic_train_audio/64898/ec78aab5299b447c8f050b18309295a2.wav,64898
synthetic_train_audio/64898/ef5aed7c41544f21a1639a3647e71f6c.wav,64898
synthetic_train_audio/64898/ef7c2eef5baa4f699be07e863a65bd79.wav,64898
synthetic_train_audio/64898/f283d36ffe1e4ff5895cbff4b5595475.wav,64898
synthetic_train_audio/64898/f3781118f6d647e9b52748bcb1b1b375.wav,64898
synthetic_train_audio/64898/f380ad192cc142518c4c53b84f5cf9d3.wav,64898
synthetic_train_audio/64898/f3b09b2b047d459ea596105ec6feec59.wav,64898
synthetic_train_audio/64898/f510cefa31254996b6e7b89b85dab73a.wav,64898
synthetic_train_audio/64898/f5636faa35454893a63d6b6d1652fd3f.wav,64898
synthetic_train_audio/64898/f9ace05568cf4c07a028bffa76d82509.wav,64898
synthetic_train_audio/64898/fa4c3695da344e458b27080d018fca61.wav,64898
synthetic_train_audio/64898/fdf9a8d65dc94a1ab0d33ce7e9924dde.wav,64898
synthetic_train_audio/64898/ff0789a4f8b345fab00e78e08ff12a33.wav,64898
synthetic_train_audio/65377/028f59393d444ae482115368c55559ff.wav,65377
synthetic_train_audio/65377/0f424946560946968685cffdecf2f658.wav,65377
synthetic_train_audio/65377/13c4c5257cc84e1490c3c89186f8910d.wav,65377
synthetic_train_audio/65377/1928726b428342cc9bd5094353172db7.wav,65377
synthetic_train_audio/65377/19c946ca92284f0dac2391cee295e5df.wav,65377
synthetic_train_audio/65377/1cf232f046194141b0c85db65e1d0083.wav,65377
synthetic_train_audio/65377/2137877916c847b7bed9ff5f21d81bff.wav,65377
synthetic_train_audio/65377/283e5b3d3c5b4308b349524779fd933d.wav,65377
synthetic_train_audio/65377/33b674b8e6cb423094ab2cd96a1d48f7.wav,65377
synthetic_train_audio/65377/33fced663a8f4a1a948367f0ed504139.wav,65377
synthetic_train_audio/65377/378c5e1f33584a54bc3b0a4f40a95c1a.wav,65377
synthetic_train_audio/65377/38c2c51535344a70ae8894409d9cbb45.wav,65377
synthetic_train_audio/65377/3bbfbc1a521d4691b2851f2f600c04c5.wav,65377
synthetic_train_audio/65377/3ca41e827f7149b18c4e2105ec67f9a4.wav,65377
synthetic_train_audio/65377/3d525dc773c944e2b200bed54c0bf815.wav,65377
synthetic_train_audio/65377/422d741d68ca44af82a214fc27af024e.wav,65377
synthetic_train_audio/65377/4b517bedc3f54984ac180a630a3ba5ae.wav,65377
synthetic_train_audio/65377/4ba33de72f204808b4b123a727e3ce55.wav,65377
synthetic_train_audio/65377/4d79d5f66cab49f59a64a3e177101d2a.wav,65377
synthetic_train_audio/65377/5a2dfb9bbdb84dc6a5c313480752fa67.wav,65377
synthetic_train_audio/65377/61877b4711a349069b1c5104e3b41a37.wav,65377
synthetic_train_audio/65377/65026ad6a13f447e991fc2252d2bb3cc.wav,65377
synthetic_train_audio/65377/6618351a9835490d8c8d3b02a54e5322.wav,65377
synthetic_train_audio/65377/6a411c16f1a341c19f365e8df9db963b.wav,65377
synthetic_train_audio/65377/6d38a4bd537b4aa39a221fdd3e0446d7.wav,65377
synthetic_train_audio/65377/6fa8408b098f452b9a3903595b11b9e9.wav,65377
synthetic_train_audio/65377/78be0a40e00046f0933a5a73bdace8ed.wav,65377
synthetic_train_audio/65377/7915e668a00f42d0be70ebe02ec1cf3a.wav,65377
synthetic_train_audio/65377/799cdcbc69564a5692f6f6d5f206dcfe.wav,65377
synthetic_train_audio/65377/8813d4e1bd4a43369d4f623bd37ffde8.wav,65377
synthetic_train_audio/65377/9299ae48f97c4f339c2bdb340cca2a0a.wav,65377
synthetic_train_audio/65377/9a64702893044b618343ab4eba666f51.wav,65377
synthetic_train_audio/65377/9af217efb0bd4bb98fa096b3f73cedae.wav,65377
synthetic_train_audio/65377/9ed7386ac04141449cdd309b6c25aac0.wav,65377
synthetic_train_audio/65377/a5518821de9b4899b72e8547d1b3d1d3.wav,65377
synthetic_train_audio/65377/aab538e3091243359c79115903af26d6.wav,65377
synthetic_train_audio/65377/aabaa35dc9f94bb0b749d53ba0607c68.wav,65377
synthetic_train_audio/65377/ab729909fe75490386b6694c5a9d7889.wav,65377
synthetic_train_audio/65377/ac7695c4a1e34fb4981e1b77c897ade8.wav,65377
synthetic_train_audio/65377/b27e42f159a94b62a18e21794540ec26.wav,65377
synthetic_train_audio/65377/b7ea2d67dc5a47b4b0d1b92dc5e7948a.wav,65377
synthetic_train_audio/65377/be6d914781df4351a2c322d4f79365d3.wav,65377
synthetic_train_audio/65377/bf25daba70c84fb7bebd8bbc6ba74bc5.wav,65377
synthetic_train_audio/65377/bfd07a8c65aa41808b6dd40adfb6f874.wav,65377
synthetic_train_audio/65377/c808a277b8b3472da2fc28b6a440a9f4.wav,65377
synthetic_train_audio/65377/c98b53791ff243c78a1c75b75dcd8dc6.wav,65377
synthetic_train_audio/65377/c9b8d4ca11e24eeb929da6225c83fe16.wav,65377
synthetic_train_audio/65377/cec2508354994665b59fff11287c2b48.wav,65377
synthetic_train_audio/65377/d27a57d01d5341c0a21b244703fed419.wav,65377
synthetic_train_audio/65377/d6824763f5d14443ba59e56da216a402.wav,65377
synthetic_train_audio/65377/d98d412db34c41daae0dcea13584933a.wav,65377
synthetic_train_audio/65377/e07073b2feee4d41a88a93916b8c415e.wav,65377
synthetic_train_audio/65377/e0f2c51adc984d868abd207d7f49bf19.wav,65377
synthetic_train_audio/65377/e264b224db1d41669427b98b0f12f7a2.wav,65377
synthetic_train_audio/65377/e4344767663644498781fc0e461d6803.wav,65377
synthetic_train_audio/65377/e4fbd1e0a9c748a0a599c64549f38fe0.wav,65377
synthetic_train_audio/65377/eb47d083ca3b4c658d1902158b206050.wav,65377
synthetic_train_audio/65377/ebed91fbbbba4822a0120dc212c35a36.wav,65377
synthetic_train_audio/65377/eccfbd9140024afa8e86475b85723784.wav,65377
synthetic_train_audio/65377/efb903366ea946d0aafe4ac1e01ef5ca.wav,65377
synthetic_train_audio/65377/f629dfb7ad484b0ba6ebe8298971ac28.wav,65377
synthetic_train_audio/65377/f91f9b9430f046f6b29fb6b6542d05cd.wav,65377
synthetic_train_audio/65377/fc604f89a2884aef9bd506dbaae0b389.wav,65377
synthetic_train_audio/65380/078d56d2998f4f81bc39d07907a4412c.wav,65380
synthetic_train_audio/65380/09821b574934465ba41d8ac06509347e.wav,65380
synthetic_train_audio/65380/0d17c93eaa7446a8aa908d4cbfe35689.wav,65380
synthetic_train_audio/65380/101374be4b1a4e549d3f8dd382139bff.wav,65380
synthetic_train_audio/65380/160c11e5b6ad4bbc904d39e13acca334.wav,65380
synthetic_train_audio/65380/1b4c3714968949d1885839c0c0cd34f9.wav,65380
synthetic_train_audio/65380/1bb1258058a141e19b2e91fcdb4100e9.wav,65380
synthetic_train_audio/65380/1d595780f90d49e69ed24ff39af0ea8e.wav,65380
synthetic_train_audio/65380/1e367c4bf1b340eb911624ae0d4b4782.wav,65380
synthetic_train_audio/65380/21bdfb60b98e4fc1a2a0f80f69cb0bc6.wav,65380
synthetic_train_audio/65380/2282a8fa779a48d7b50b34e640e78d92.wav,65380
synthetic_train_audio/65380/2291b31a0217468d8139a6dca87d688f.wav,65380
synthetic_train_audio/65380/26721820b6654b1fb0a9152c08d2e516.wav,65380
synthetic_train_audio/65380/2b3c137b130a42b68e7306ba2b290144.wav,65380
synthetic_train_audio/65380/2c31a9062a7f402da774ada9098602f0.wav,65380
synthetic_train_audio/65380/2d7a2930e8254979941caf8fef0c9689.wav,65380
synthetic_train_audio/65380/2e51d6ddcc0c483fb845c377e3f3e778.wav,65380
synthetic_train_audio/65380/357907b594604c6f95c3193ad346ca0c.wav,65380
synthetic_train_audio/65380/3e2c9c9892fa4f109bd304de11d55eac.wav,65380
synthetic_train_audio/65380/3fff7234787d4d74a716b234b52f9303.wav,65380
synthetic_train_audio/65380/442d7c53b97843fe967d65df79ae000e.wav,65380
synthetic_train_audio/65380/447cdddbb55047e88278f57f9fcb1409.wav,65380
synthetic_train_audio/65380/47ea8e719d06459692cdd6eead2ff3c9.wav,65380
synthetic_train_audio/65380/4b4d6c0fead9424f9c515b1b89fe7797.wav,65380
synthetic_train_audio/65380/4cbaff858e5a4ca9be68cf7e4101374e.wav,65380
synthetic_train_audio/65380/4d6491c61bfa4962a1239f9c84ddbb22.wav,65380
synthetic_train_audio/65380/50bff97c40a342eabd999d7a55db5ce9.wav,65380
synthetic_train_audio/65380/55c7fc74a9d0460cba435ad4fae82acc.wav,65380
synthetic_train_audio/65380/5a85b78da03c4e30adbd7688894bab18.wav,65380
synthetic_train_audio/65380/5cdb6ba56ce34cd096ea0a77a16d2be0.wav,65380
synthetic_train_audio/65380/5e26966cee264885a226b0bf311090fd.wav,65380
synthetic_train_audio/65380/634095e0caaf411ea6d0b8c0dc37e80b.wav,65380
synthetic_train_audio/65380/63902019cf7744d38e2e19cf72aa1a61.wav,65380
synthetic_train_audio/65380/6595f49f528a426faa2f9ff80ade8201.wav,65380
synthetic_train_audio/65380/65e7327d813a42d6b95a122e1f7a43d7.wav,65380
synthetic_train_audio/65380/687081340b7c4f27b1487cec03f8a63e.wav,65380
synthetic_train_audio/65380/6be72e0cafdd4157bab290ee9994da8e.wav,65380
synthetic_train_audio/65380/6c7e90c6a29140f4acf10e6f02c8f96d.wav,65380
synthetic_train_audio/65380/7877d8801afb47428d7f2b35cd1f2297.wav,65380
synthetic_train_audio/65380/7a5e23f10e744f499ed54cd6a8af6004.wav,65380
synthetic_train_audio/65380/7fe5ccb5796349d8b3f785c2a0529770.wav,65380
synthetic_train_audio/65380/817c7e68e16b4e7da61bc866cb94f529.wav,65380
synthetic_train_audio/65380/818ec440c47447e495e23f1a17354560.wav,65380
synthetic_train_audio/65380/8eb5b53ca5f44f9997d8020736e860f7.wav,65380
synthetic_train_audio/65380/93ffc22b72084f34a3669ab7c1e96f4c.wav,65380
synthetic_train_audio/65380/94393a5959434fe49dd5a02c544a0a76.wav,65380
synthetic_train_audio/65380/978e63a3eafd43b58da1f1baa98becfc.wav,65380
synthetic_train_audio/65380/9ae0cd53c7534567a13e964a20148b0c.wav,65380
synthetic_train_audio/65380/9c79320f9341478d82ad083f4a13fb29.wav,65380
synthetic_train_audio/65380/9c88fd6a4bf9419da8421f68c6e947b7.wav,65380
synthetic_train_audio/65380/9cf3789551a8487295e10116544b1772.wav,65380
synthetic_train_audio/65380/a236bdada4124b039e792876321c05a9.wav,65380
synthetic_train_audio/65380/a4aac21db51347969a6b0d2eefc7804c.wav,65380
synthetic_train_audio/65380/ab7695584d5f4e4f944a2ffe2b7cb9e5.wav,65380
synthetic_train_audio/65380/b072e85011414e33b5adf568b35a86ba.wav,65380
synthetic_train_audio/65380/b91c9bc6afb149c39948fd1b9a49b50f.wav,65380
synthetic_train_audio/65380/bbdc8c36b9af4b2b93269dd01e9da6ab.wav,65380
synthetic_train_audio/65380/be6990e475c04a38ad1cabdbf2477797.wav,65380
synthetic_train_audio/65380/bf8d044442eb4a009da927c5558c74fd.wav,65380
synthetic_train_audio/65380/c04b1fcc1486485389d2a80361d93ad4.wav,65380
synthetic_train_audio/65380/c327d109adb947c0bcfdc9dfeb63e30f.wav,65380
synthetic_train_audio/65380/c68826f7dc9143668fdc489e9df7a262.wav,65380
synthetic_train_audio/65380/cb806532cf5a46879e80605eceabb7b1.wav,65380
synthetic_train_audio/65380/cc2d0f3ed789466b8a568e2e68c79906.wav,65380
synthetic_train_audio/65380/cdd5601cfe234f5a8ccc522990523213.wav,65380
synthetic_train_audio/65380/cf478b390a734c1ba929add562fcd8f3.wav,65380
synthetic_train_audio/65380/cfc2131a6867476ba7471bca02d8ae6a.wav,65380
synthetic_train_audio/65380/cfc9c0b15c2348868f1e19149f4f748d.wav,65380
synthetic_train_audio/65380/d251fa6818e74c8288207703671b4a1f.wav,65380
synthetic_train_audio/65380/d37fe6e111384289ad466a829188dbea.wav,65380
synthetic_train_audio/65380/d3e2df19942e4bb8bc3fc6929d04d94d.wav,65380
synthetic_train_audio/65380/d4ef1d3dbf3344e880bba4c04e0ce282.wav,65380
synthetic_train_audio/65380/e64dc5a1e119459296077b0ca2adfc48.wav,65380
synthetic_train_audio/65380/e778d25caa4240d5970166793a427343.wav,65380
synthetic_train_audio/65380/e7e0385b471a4496a3b5b6c0042e5e3c.wav,65380
synthetic_train_audio/65380/ee7edcb839e14520989778dfb634d4ec.wav,65380
synthetic_train_audio/65380/efecb61f3e3543c8b6595a2c2b701e11.wav,65380
synthetic_train_audio/65380/f08b0b73419e4516be3839f36c14ee4b.wav,65380
synthetic_train_audio/65380/f47a65cf0a3c43e483ef6ae22b28e6ea.wav,65380
synthetic_train_audio/65380/f8d3d2752daa4cadb615e5397fc0434f.wav,65380
synthetic_train_audio/65380/ffb09bae1a254a858861daa6d2807d68.wav,65380
synthetic_train_audio/65380/fff00e398ecd40d7a8c05534ae9a30e1.wav,65380
synthetic_train_audio/66971/059109ec3ef44dfa832a40b60ef03141.wav,66971
synthetic_train_audio/66971/06ab75da4d9c43bf9229a815f106ac6a.wav,66971
synthetic_train_audio/66971/074139abfade498ab9ac68fcfb19d858.wav,66971
synthetic_train_audio/66971/09caad72de5047fa9ffd7542a65a5d7a.wav,66971
synthetic_train_audio/66971/0a5789dbb4db43eda0dd4989813127b7.wav,66971
synthetic_train_audio/66971/0d334f1b0d734631b3d05eea721733ad.wav,66971
synthetic_train_audio/66971/0ef3333474544a11a5e1bd91c576b1a5.wav,66971
synthetic_train_audio/66971/1a53378729c647bea71f6d61fb799aae.wav,66971
synthetic_train_audio/66971/1c2dc479724f4e98ae28a90fe9d23a8e.wav,66971
synthetic_train_audio/66971/1f9106a7e4a84c84a7d169fbd6d65642.wav,66971
synthetic_train_audio/66971/2b74cf6594424736b92c9c1b35ef0510.wav,66971
synthetic_train_audio/66971/2da88ed55a974884a5cda7989bed373e.wav,66971
synthetic_train_audio/66971/326be8930ad1461b934345aceae569b3.wav,66971
synthetic_train_audio/66971/36721553a9c64f25a5c497081a5cf98d.wav,66971
synthetic_train_audio/66971/398782f11d684f6ab792427d23e50ff2.wav,66971
synthetic_train_audio/66971/3ac18e860d0a448ab7fced8b2e0b9455.wav,66971
synthetic_train_audio/66971/3ccbb45328b742f7866e27a2736c6f2f.wav,66971
synthetic_train_audio/66971/3e39a9c488074200b9434a6f20015dd1.wav,66971
synthetic_train_audio/66971/40b6f8ddb1d24e4a820f6575aedea565.wav,66971
synthetic_train_audio/66971/424f24f8742049c283c8147bfb34cca2.wav,66971
synthetic_train_audio/66971/4853d8c4155d4727b3fbfa789dcb85ae.wav,66971
synthetic_train_audio/66971/4b7f62c0f5074d3d9c6b66096db7bc6c.wav,66971
synthetic_train_audio/66971/4c691094da38451798e54bdd45b75ccb.wav,66971
synthetic_train_audio/66971/55d7953006454ad2a7cc8fa6b85f83b4.wav,66971
synthetic_train_audio/66971/574efd0674f64a80989ebfcd0c79013b.wav,66971
synthetic_train_audio/66971/589e7b5854bb4d3f916e0f99b6ce6135.wav,66971
synthetic_train_audio/66971/58e3aa6796fa45dc97e5776715b29f27.wav,66971
synthetic_train_audio/66971/59260c5cab00436eaeda6f0367b38875.wav,66971
synthetic_train_audio/66971/5a937f04c55f4694beddc086e451f508.wav,66971
synthetic_train_audio/66971/5d64f254bc104eadbc955eca69e6e7c6.wav,66971
synthetic_train_audio/66971/5db219f00e2745758448730f3df066a4.wav,66971
synthetic_train_audio/66971/6735e7ecab354a7ca3797b62d211c596.wav,66971
synthetic_train_audio/66971/6a15c597930e4ba89b0950a27c079cf3.wav,66971
synthetic_train_audio/66971/6e46418629bb4cbeb649ee42fb96a1b5.wav,66971
synthetic_train_audio/66971/6e977a67b1a1471286cb3b649c34ae3f.wav,66971
synthetic_train_audio/66971/70fbff75a3f54a749c423f43bd875a0d.wav,66971
synthetic_train_audio/66971/720ce58437d342fc8a90248d91d21ed9.wav,66971
synthetic_train_audio/66971/7272b1523105438fac9911b299bf9846.wav,66971
synthetic_train_audio/66971/732dbce6aa464eff9083248ade19bd09.wav,66971
synthetic_train_audio/66971/78d102a5be08409bb4acb10c876b9acc.wav,66971
synthetic_train_audio/66971/7949ba5898644d4a909171a080fae2d6.wav,66971
synthetic_train_audio/66971/7a24f9637f3a4c458c4af756e7ebe4e0.wav,66971
synthetic_train_audio/66971/7a76bf7254124a56aa0d037353de354f.wav,66971
synthetic_train_audio/66971/7d0f23aba43646239e9fde8698dd87b1.wav,66971
synthetic_train_audio/66971/7d9ffde4624f473abadaed7d2012960a.wav,66971
synthetic_train_audio/66971/7f9e39f0beee4f23841575997a51903e.wav,66971
synthetic_train_audio/66971/81b37de7e7004802b686067b89e9406c.wav,66971
synthetic_train_audio/66971/81da0333c6ac42249bde176fd9db3a07.wav,66971
synthetic_train_audio/66971/82791c89853d4314b4b5783dda3a858e.wav,66971
synthetic_train_audio/66971/84c76499fe4b49fcae22f2204dda3cfd.wav,66971
synthetic_train_audio/66971/856e1e09a5574ee38f437b503e2112fa.wav,66971
synthetic_train_audio/66971/86931914e98847e2b105360c0238ab26.wav,66971
synthetic_train_audio/66971/86a7df9153d2446a987e10fbd29ba582.wav,66971
synthetic_train_audio/66971/8a6c637cb116477c8dca3ee7ebc8e6d3.wav,66971
synthetic_train_audio/66971/8a93d3952fb844b1946166143460e216.wav,66971
synthetic_train_audio/66971/8fa3673c4bf6446493413850e56a2b25.wav,66971
synthetic_train_audio/66971/902b3803b6164143bbf2a0ae83a5d379.wav,66971
synthetic_train_audio/66971/924e6349a4f24d9db247f4211b195a13.wav,66971
synthetic_train_audio/66971/97b0e88248674a01996e6daae4a0aa5d.wav,66971
synthetic_train_audio/66971/9be8db6f775943658786905d66c3f6cb.wav,66971
synthetic_train_audio/66971/9e325a6ebc054793b1f13385e3844c26.wav,66971
synthetic_train_audio/66971/a2e6e04f097d4a53bb5d00b170cd68c9.wav,66971
synthetic_train_audio/66971/a6b23dcb019440259605b28e42084113.wav,66971
synthetic_train_audio/66971/a847423391cd4673adae2f7d5e000e6a.wav,66971
synthetic_train_audio/66971/a87fdd32e0a049de84276371a9a7a95a.wav,66971
synthetic_train_audio/66971/a8a2326dd9df4a639407baf884b6ea73.wav,66971
synthetic_train_audio/66971/b1b38dbcc3b349e3b874fdfe1910da1f.wav,66971
synthetic_train_audio/66971/b53118ebf3b74e9493fadcce957a3ad7.wav,66971
synthetic_train_audio/66971/b7230e51ef6a49caa5920eeb286b74b4.wav,66971
synthetic_train_audio/66971/b7325c2d8f744773bad0c69253566a0b.wav,66971
synthetic_train_audio/66971/bd6c3640f3da4a96b703837dcd060dcb.wav,66971
synthetic_train_audio/66971/bdaa047113f34d89897685dcbf728540.wav,66971
synthetic_train_audio/66971/bdd216b758804d48ba3d27b614f8f65a.wav,66971
synthetic_train_audio/66971/bdf4d64fecd74ebd8ecffb79aabdb405.wav,66971
synthetic_train_audio/66971/beeaf52e60a94c64987e27b4289a56b1.wav,66971
synthetic_train_audio/66971/c655303d98eb4f529cd2a628b9340958.wav,66971
synthetic_train_audio/66971/c91c70b4230545168649ecd8dee921b5.wav,66971
synthetic_train_audio/66971/cb4173514cf64f928f171f23df44f77e.wav,66971
synthetic_train_audio/66971/d1e84493f99d4df5a6dfa752b9de4b14.wav,66971
synthetic_train_audio/66971/d3a2a24a325e46b9a329a92f99c89962.wav,66971
synthetic_train_audio/66971/d3f2cccb457b4f1eba6b7c4b8ecdb4b5.wav,66971
synthetic_train_audio/66971/d49ecf4a69c5400199c3de2558e72434.wav,66971
synthetic_train_audio/66971/d6918b4cfdb2471ca6e6d3758b4015dc.wav,66971
synthetic_train_audio/66971/d79993dde0fe482f990bc6e9b0a1de16.wav,66971
synthetic_train_audio/66971/e04d2e8234da45a69f3520959abab0e0.wav,66971
synthetic_train_audio/66971/e0a3040aca494ed6a84c704f3dace507.wav,66971
synthetic_train_audio/66971/e12712581f4f4bffbaaedee28a437eb1.wav,66971
synthetic_train_audio/66971/e341d64cfab744a68703bc3c6bb972db.wav,66971
synthetic_train_audio/66971/e7219100d1da44b5a8687ab4c2af63bf.wav,66971
synthetic_train_audio/66971/ec45271de3674c63ac2753bb10afb4cd.wav,66971
synthetic_train_audio/66971/f0397bc7fbda45fc8caee8dff1c76ee2.wav,66971
synthetic_train_audio/66971/f14484fa01684d09aef9209d54df5cd0.wav,66971
synthetic_train_audio/66971/f24ec545b51f4fafb3344494931a7abb.wav,66971
synthetic_train_audio/66971/f3e91f03b9f14d23ae0965187d0ffbed.wav,66971
synthetic_train_audio/66971/f6f42f7583f245a5862d318731f73c14.wav,66971
synthetic_train_audio/66971/f914ce462dbe40d18e84afb9d07fb96f.wav,66971
synthetic_train_audio/67107/00d52f6b6c7a4f5490a0d4abe6f68045.wav,67107
synthetic_train_audio/67107/02bed5069f0646ed8fe9d4b6f96ea89a.wav,67107
synthetic_train_audio/67107/0377970c45084b16a104ba420a8ca18b.wav,67107
synthetic_train_audio/67107/038d576a14d3411a82eacdba084c106e.wav,67107
synthetic_train_audio/67107/03c76fe56aec4597a1bbf0e26dce105f.wav,67107
synthetic_train_audio/67107/08c4ad7047994e2996a70cfdf61af6b0.wav,67107
synthetic_train_audio/67107/0f0058747f86486d82f321af344a6ede.wav,67107
synthetic_train_audio/67107/101aae25cc954a68bbdd870134459003.wav,67107
synthetic_train_audio/67107/16063850dd934562aa39acfa62df0421.wav,67107
synthetic_train_audio/67107/162ccb5fea80416c898b96d66bc8d41f.wav,67107
synthetic_train_audio/67107/16a519661fc34f2fa412a716eba84a69.wav,67107
synthetic_train_audio/67107/180f9c12c93c44338a4dba84c98c05fb.wav,67107
synthetic_train_audio/67107/27b9b48f5b244583b8b64d005c9430ac.wav,67107
synthetic_train_audio/67107/285e724ef56b484783291e2a0b4715c7.wav,67107
synthetic_train_audio/67107/28636d22dea84d80b7ea0658d5dd673e.wav,67107
synthetic_train_audio/67107/2b7b11bc890f4ff2901d126d424a6d71.wav,67107
synthetic_train_audio/67107/2d2ee7cfb5254fdcaa6f0c51e3439af9.wav,67107
synthetic_train_audio/67107/33375f9e1d9d460b91e79379a5d2010f.wav,67107
synthetic_train_audio/67107/3abb3de378ff4e0591232d2e1caf978f.wav,67107
synthetic_train_audio/67107/3bbeb6985072444c9d634259e0e10813.wav,67107
synthetic_train_audio/67107/3bf23adda8cc4e2dae52e8f8d5137d0a.wav,67107
synthetic_train_audio/67107/3ff0ec324d664ee690687c1672e9e5b8.wav,67107
synthetic_train_audio/67107/42f5c39923484988810d47a26620f807.wav,67107
synthetic_train_audio/67107/43c377cf75c34ba182292bf730bc44cd.wav,67107
synthetic_train_audio/67107/47aefee08e004192b1e916ec79918598.wav,67107
synthetic_train_audio/67107/4a184712d29542518f48b004490c3fe6.wav,67107
synthetic_train_audio/67107/4b2236f6bc5441fba263372144d8c095.wav,67107
synthetic_train_audio/67107/4c3d9f9ed3ba49efaa7206a3277dfb29.wav,67107
synthetic_train_audio/67107/4f038a433cba4eb98c54ee709bf04323.wav,67107
synthetic_train_audio/67107/4fd451a2b28f4246b09f08c4cfcf0c02.wav,67107
synthetic_train_audio/67107/54757c775fa3479f86a65ac48baf0589.wav,67107
synthetic_train_audio/67107/5e7eaf71a28449c788017bc5a356e5c3.wav,67107
synthetic_train_audio/67107/63c838e3ee294b218287c2d612bb9eb7.wav,67107
synthetic_train_audio/67107/69577b0bfbb34b04b72145d3fd3666bf.wav,67107
synthetic_train_audio/67107/6981dad7bb51499eadb1677f6c082b48.wav,67107
synthetic_train_audio/67107/6f1dc72692784f209ae90a3b6fc09fc5.wav,67107
synthetic_train_audio/67107/703e995bcd4348f0a425662e515e04bd.wav,67107
synthetic_train_audio/67107/70795a5009f745b688a16ac6c237081f.wav,67107
synthetic_train_audio/67107/70d3c4d85ed34ed4a71dc32482ed3e79.wav,67107
synthetic_train_audio/67107/736562f69e914119be01cc07814a2063.wav,67107
synthetic_train_audio/67107/780b3e7e00fc4f318801005d5520209a.wav,67107
synthetic_train_audio/67107/79344a0b39df4625bb6e65c7a8173f2b.wav,67107
synthetic_train_audio/67107/7b11d87376ab4746ad5f46e40c64abe3.wav,67107
synthetic_train_audio/67107/7c06d309b53a4942b538a5e5132b1dee.wav,67107
synthetic_train_audio/67107/7dd6ecb58f564608a0777cdb1e40df10.wav,67107
synthetic_train_audio/67107/7ec4f6985197466c978eaa43d958a1d9.wav,67107
synthetic_train_audio/67107/81e900537aeb4a819820f8c89af8e8a9.wav,67107
synthetic_train_audio/67107/8751da436a244103a7e6deb5d2c22819.wav,67107
synthetic_train_audio/67107/89ac796f9da74de3a6f4b31eb17e53fa.wav,67107
synthetic_train_audio/67107/8a93f2e62fd44db599e8b3f8f20f3836.wav,67107
synthetic_train_audio/67107/8bbbc31d4eb640bda78006cb105cb015.wav,67107
synthetic_train_audio/67107/8ed1ca2d027a4474b74a38b28c67ec4a.wav,67107
synthetic_train_audio/67107/9584d98d86d74aac9d44a8641bea4965.wav,67107
synthetic_train_audio/67107/9786d773f73648b49f3be30eaf86d0dd.wav,67107
synthetic_train_audio/67107/a13c34becb1b40b99ba24688d1483a6d.wav,67107
synthetic_train_audio/67107/a3ef7a19ee8c4c83a94a8e7fbae6b780.wav,67107
synthetic_train_audio/67107/a4df6cf6e30f49a8b433eb868530206e.wav,67107
synthetic_train_audio/67107/a6285e5c68aa4b8bbfb088ab0b855ce7.wav,67107
synthetic_train_audio/67107/af590487b6bf45ebafaac6f03514d14b.wav,67107
synthetic_train_audio/67107/aff4848e59854f93a897c98bcc29ae2a.wav,67107
synthetic_train_audio/67107/b1d1720c4a92415a86b6582cef1aae78.wav,67107
synthetic_train_audio/67107/b85e873ef85748b3be0e07c0923009cd.wav,67107
synthetic_train_audio/67107/bc68b9a5cf6b408c8c8b42232898143b.wav,67107
synthetic_train_audio/67107/c31d8c2dc2fb4a3aa084e21b6cb00352.wav,67107
synthetic_train_audio/67107/c46266ac83a642cd8e363257585ccb2f.wav,67107
synthetic_train_audio/67107/c49f2bc30942476691dbe2eb2bea24f1.wav,67107
synthetic_train_audio/67107/c76787c631c34b07b2a884b01cddf59c.wav,67107
synthetic_train_audio/67107/cc73386187204daaa7d7d7523ad247a8.wav,67107
synthetic_train_audio/67107/cf1ba78119c448b29969a19d728fd6ba.wav,67107
synthetic_train_audio/67107/cfc0ec8f4b494df68c657ff944149d08.wav,67107
synthetic_train_audio/67107/d1c69685ce31432bbc12e8922649b2ee.wav,67107
synthetic_train_audio/67107/d3b4b6800ac74826837377955faaebde.wav,67107
synthetic_train_audio/67107/d5941fbbf3994edca20aef689b76e344.wav,67107
synthetic_train_audio/67107/d599308ae607446281daf649199f6719.wav,67107
synthetic_train_audio/67107/da601eda8c7240f0bdfda17c92bf4084.wav,67107
synthetic_train_audio/67107/dc6db1e7de8742b9a594e33f86772cb4.wav,67107
synthetic_train_audio/67107/dcadbfab4bec44b0b9fc232b61d719a6.wav,67107
synthetic_train_audio/67107/de06e747b8cf4e97949a75724749d7d9.wav,67107
synthetic_train_audio/67107/deebfc73d3e443418f446a1cf487ec88.wav,67107
synthetic_train_audio/67107/e331aa4203094b75aeab772ed9be8b8e.wav,67107
synthetic_train_audio/67107/e717b13682bd4f8796e78976205d5a28.wav,67107
synthetic_train_audio/67107/e7cc15490bc14827a325c438a9491500.wav,67107
synthetic_train_audio/67107/e8ca768320ee4b23bb3719237d4a74be.wav,67107
synthetic_train_audio/67107/f5f394da21644bdf8f56206facfb1bf3.wav,67107
synthetic_train_audio/67107/f8f7802d47f64b3ebadc18668440d432.wav,67107
synthetic_train_audio/67107/f94e5d71ae0346ca96bc494a8282b75d.wav,67107
synthetic_train_audio/67107/fafe50920d3741b2b04cd7409a5dc791.wav,67107
synthetic_train_audio/67107/ff143ea30c8b45b0a9878d47ffc0ae08.wav,67107
synthetic_train_audio/67107/ffae3d3569b0499fb0007ead90cd169e.wav,67107
synthetic_train_audio/67252/00bc4a1d0ca04f52a9eb0dea9fb8faff.wav,67252
synthetic_train_audio/67252/03fdbb122651412e86ee1460cbfe5136.wav,67252
synthetic_train_audio/67252/0a336f09ae5f48b987dec31b406a8767.wav,67252
synthetic_train_audio/67252/10b460af38be4007b4531bdfc6b48dd3.wav,67252
synthetic_train_audio/67252/13ba158bc3564eaaa211e40ca4cd9680.wav,67252
synthetic_train_audio/67252/141d16be862c424997de93e8cef3c92e.wav,67252
synthetic_train_audio/67252/1729b6bf04234453bcc844ed710da215.wav,67252
synthetic_train_audio/67252/1731ffc3555845f28f5894126b230dfc.wav,67252
synthetic_train_audio/67252/17b1d0a60b9c4a8eb276146f65b119eb.wav,67252
synthetic_train_audio/67252/1a75729d33734e819e6c08dca0cc6401.wav,67252
synthetic_train_audio/67252/1c108ab232004a8b8c836388771a80f8.wav,67252
synthetic_train_audio/67252/1dcba47443304ccb8fd674fb5be71107.wav,67252
synthetic_train_audio/67252/1f845940c3034f36958220eadd3306aa.wav,67252
synthetic_train_audio/67252/234f51c1255b46afa97dcf349a5c61af.wav,67252
synthetic_train_audio/67252/23564fabc61d420ba25b3e2b021d6160.wav,67252
synthetic_train_audio/67252/25a7edfa089a42648da7afc7181545d7.wav,67252
synthetic_train_audio/67252/2abd617d15324a95a4964cfa474ef063.wav,67252
synthetic_train_audio/67252/2b189c3631774eb1866e6b02b5799351.wav,67252
synthetic_train_audio/67252/321c9a4d7f7a433ea065056a2d604c42.wav,67252
synthetic_train_audio/67252/360d34327edc42de890361441b19dea8.wav,67252
synthetic_train_audio/67252/3bba25dee02547c2b0cc6bb839e407ed.wav,67252
synthetic_train_audio/67252/3caeb91f716342c5805aa22236c2e2c9.wav,67252
synthetic_train_audio/67252/3d20e38268b04aedb0e2acb306ef920b.wav,67252
synthetic_train_audio/67252/4967dcb2a8804524806927df89adf1d6.wav,67252
synthetic_train_audio/67252/511836fdddfe457dbdad2bc29eddb103.wav,67252
synthetic_train_audio/67252/51864df7df7b422997183c00dc1018e8.wav,67252
synthetic_train_audio/67252/5195b1f770a6413481f855603b34953c.wav,67252
synthetic_train_audio/67252/52023020650945aaa60eb09e1957bfb1.wav,67252
synthetic_train_audio/67252/5b25675df59a498bad4cf64b539bd0d0.wav,67252
synthetic_train_audio/67252/5c18003a4e0d437a98aa072717379082.wav,67252
synthetic_train_audio/67252/5e72daec2d244e0f8f6bd4e2d3ae2067.wav,67252
synthetic_train_audio/67252/63694ca3611b4538a5a41b0e5b31d79e.wav,67252
synthetic_train_audio/67252/63eb72e6033b4d7ab8864d0eb4f76e42.wav,67252
synthetic_train_audio/67252/648abe632b224e95ac68c24609f700a4.wav,67252
synthetic_train_audio/67252/649c666c7a7c41aea4c243c69ca07c2b.wav,67252
synthetic_train_audio/67252/64f22d8658344d8ca5bc90c9a715b0c6.wav,67252
synthetic_train_audio/67252/678657c9088b48749c2c5034bb28a6b0.wav,67252
synthetic_train_audio/67252/6815c551396a489b839aed5835b9438c.wav,67252
synthetic_train_audio/67252/6824ad02dede417d9c9c832e87666342.wav,67252
synthetic_train_audio/67252/694681e056eb483d9e91b3877f1d6020.wav,67252
synthetic_train_audio/67252/6b2625a56baf46b498b512810e720906.wav,67252
synthetic_train_audio/67252/703fac7302fc443f8e7f6d999059b967.wav,67252
synthetic_train_audio/67252/71d182934a7e4fc98789847e4645cc48.wav,67252
synthetic_train_audio/67252/738fc0988037417c871ecb70bd0336d6.wav,67252
synthetic_train_audio/67252/75897e6b12824a6abed2de9051c24c03.wav,67252
synthetic_train_audio/67252/7815fa2ac59849dab46ca6715686f29b.wav,67252
synthetic_train_audio/67252/7c8c35cf30174b60bb431fa8880d7501.wav,67252
synthetic_train_audio/67252/80518f36ace948e8ad83fb4bac84e78d.wav,67252
synthetic_train_audio/67252/8875dec0c474429ab036fcd26f2e3a52.wav,67252
synthetic_train_audio/67252/88a2aa8819094078a59bdb609f8efea9.wav,67252
synthetic_train_audio/67252/8a0e2e2fd544472a80adc578ce839c71.wav,67252
synthetic_train_audio/67252/9048d075a45c4e68b6363e9f3eacf02f.wav,67252
synthetic_train_audio/67252/90aa1fda31ed47d89dd19bb74cfa16a6.wav,67252
synthetic_train_audio/67252/93ddfe3bd94646baac9172b047ea140d.wav,67252
synthetic_train_audio/67252/999b1bc32e7b49a1bc75f7e876de998a.wav,67252
synthetic_train_audio/67252/9fb5a17b08fc4d1e9f5d425fdccf1bb0.wav,67252
synthetic_train_audio/67252/a1d3ef77ac2d470cba2ccfbc6da2773b.wav,67252
synthetic_train_audio/67252/a72e3936962445b5a4d19f11b8b079f6.wav,67252
synthetic_train_audio/67252/a79d5e141fb849dbbd374d68a30f2d59.wav,67252
synthetic_train_audio/67252/a7fc5bf01d0d423fa70ca7769921b38a.wav,67252
synthetic_train_audio/67252/a90b679f882d44bbb0e5d7df1a05050f.wav,67252
synthetic_train_audio/67252/a9abaef3392a4eccb092ca9b22c52ee9.wav,67252
synthetic_train_audio/67252/ada33a9fce5e445b88d90c26e84ab8e0.wav,67252
synthetic_train_audio/67252/ae80c774b77d45d080c1ae2044768796.wav,67252
synthetic_train_audio/67252/b234c5615a134c91b6d73d8fe199dee0.wav,67252
synthetic_train_audio/67252/b3d19fc8804b499892a4b3b51849170d.wav,67252
synthetic_train_audio/67252/b3e90f968af94f1bb4ebce26f511bc7f.wav,67252
synthetic_train_audio/67252/b65c4e1555db43c6a8c1c76d541c5b87.wav,67252
synthetic_train_audio/67252/bbf518d7f94d498ab09c99b782f986db.wav,67252
synthetic_train_audio/67252/bc73a532841f4b6fb165426a4ba6a358.wav,67252
synthetic_train_audio/67252/bd1e14a7e14c4f3fbb19950e07bfff00.wav,67252
synthetic_train_audio/67252/bff7265132df4e01a90a168cb2d379a0.wav,67252
synthetic_train_audio/67252/c523940366b648779073a64e622d6f9b.wav,67252
synthetic_train_audio/67252/c7b953f861344c19b4b874517f15d7be.wav,67252
synthetic_train_audio/67252/ccba1d233fd64987a0421d52746b7614.wav,67252
synthetic_train_audio/67252/ce15fdc7a69c48b3810a08e2b9dcbce6.wav,67252
synthetic_train_audio/67252/d08b088ea4604ab8bae30f58a489f8c5.wav,67252
synthetic_train_audio/67252/d81f1b52fa9b437d9c48725f4186c51e.wav,67252
synthetic_train_audio/67252/d99363606b1740c0ab25df82c85dafc7.wav,67252
synthetic_train_audio/67252/dc782731d05a4700bb136473b0f2c31e.wav,67252
synthetic_train_audio/67252/e1a689b436d1463f970583958275eee2.wav,67252
synthetic_train_audio/67252/e8f4df4df51342a3a4281ed5c7cf39a8.wav,67252
synthetic_train_audio/67252/ea22b0fee1ba4de39cd870bea9202a24.wav,67252
synthetic_train_audio/67252/eb1fb4b1546f4253bcdd65d2704d15a2.wav,67252
synthetic_train_audio/67252/ee799ef312024000a2332eedd0c611be.wav,67252
synthetic_train_audio/67252/f0558775768546f0a5bba52cd54c333f.wav,67252
synthetic_train_audio/67252/f21130b4f7554576ac243f6831faa47e.wav,67252
synthetic_train_audio/67252/f2b9cbd8edd64f50aeb4cbb38d8c0fd3.wav,67252
synthetic_train_audio/67252/f334b73705a94e22bed21cf4a0f379cb.wav,67252
synthetic_train_audio/67252/f364a3382e2344f6957a07ecd7209ce5.wav,67252
synthetic_train_audio/67252/f3650aaa0c3645529fa3a8758b4d7142.wav,67252
synthetic_train_audio/67252/f573bb0db4724b6e9c9b68ffca63d78a.wav,67252
synthetic_train_audio/67252/f797ff48aa6c4287b58091fae6ce93af.wav,67252
synthetic_train_audio/67252/f8a2ad25c138406e85d19f334eab2be9.wav,67252
synthetic_train_audio/67252/fc30a73604584372a707bac2d8bb2966.wav,67252
synthetic_train_audio/70711/00addfca962842eea8cf4bbb5227a839.wav,70711
synthetic_train_audio/70711/0530f18f92d14de2af0704f31957be57.wav,70711
synthetic_train_audio/70711/09c3beee2fa542bab7163a015acc842e.wav,70711
synthetic_train_audio/70711/0a04e3157649499ea1c5f4ca206c7d4d.wav,70711
synthetic_train_audio/70711/0a0622c48b9d42c9ab5ca534a6e4e236.wav,70711
synthetic_train_audio/70711/0defd58074d54aa6ba7b7ba9260d1399.wav,70711
synthetic_train_audio/70711/115e9dca4ff24f938a98f9c0004323f6.wav,70711
synthetic_train_audio/70711/1461631e06004364b78fc25c2ea9d20d.wav,70711
synthetic_train_audio/70711/156f38123257470bae49bca25d0923a8.wav,70711
synthetic_train_audio/70711/1d477919a6bc4df79ba340c9d6e02389.wav,70711
synthetic_train_audio/70711/20a07ea3c8e44b379a293ab765c16a8f.wav,70711
synthetic_train_audio/70711/215b6f2b24f740348df3ec35f1dcff69.wav,70711
synthetic_train_audio/70711/26c2b8c8de3d43aaa1077ed1f274eef8.wav,70711
synthetic_train_audio/70711/2a47bb6c378a4c1cb1a5e52979c860d6.wav,70711
synthetic_train_audio/70711/3459f7945f1d419d815373097f9f72c6.wav,70711
synthetic_train_audio/70711/3a175bff442b405f83ecf87af9b939d2.wav,70711
synthetic_train_audio/70711/3a8ca562543d4a7b8b9240274010a072.wav,70711
synthetic_train_audio/70711/3c004f93ed69471088e20fc59190a989.wav,70711
synthetic_train_audio/70711/3e7f09ffbf024e4da7071799d2dcc47f.wav,70711
synthetic_train_audio/70711/3eab839eb81b4d948f645b177ffdad57.wav,70711
synthetic_train_audio/70711/3f3290a7652a4d5fae317a7bcadc8cfb.wav,70711
synthetic_train_audio/70711/4132007dea7a49adb4f5880c384ded53.wav,70711
synthetic_train_audio/70711/41e76e9b18904be8a25574cf3a604565.wav,70711
synthetic_train_audio/70711/44b07f28aa2c4e20a3de99da0ae280d9.wav,70711
synthetic_train_audio/70711/48b4d464c5294fab9d4999a0dad6b45a.wav,70711
synthetic_train_audio/70711/4e6b0eaaefaa409eb1269d59ede1722e.wav,70711
synthetic_train_audio/70711/4e9ec3b28f284c9b8c1e5f20e7eb9122.wav,70711
synthetic_train_audio/70711/4f641f8115784df89d73bb19cf5d0632.wav,70711
synthetic_train_audio/70711/51105eb7bcaf4ae5807d470b2e7cfb0b.wav,70711
synthetic_train_audio/70711/53e766a8e3724085960112e9aae7ae49.wav,70711
synthetic_train_audio/70711/550d4614293c41b6be0f78371271cd0f.wav,70711
synthetic_train_audio/70711/5b87579e004d46aca26115dd0f7b2c89.wav,70711
synthetic_train_audio/70711/5d3accb4d17a48f096e740a100530c64.wav,70711
synthetic_train_audio/70711/6487045b27c443faa3dcf1f73f3d8f26.wav,70711
synthetic_train_audio/70711/68949694190b43689f5ccf025e06fe10.wav,70711
synthetic_train_audio/70711/69152c04835d483b871e89e9d006b28c.wav,70711
synthetic_train_audio/70711/6919333f125b4299ad9f74af43b45c79.wav,70711
synthetic_train_audio/70711/6b1b024cbb544db0866dc6af8e7f2b08.wav,70711
synthetic_train_audio/70711/6cc51efcb7eb42fbb925bd70f11abc38.wav,70711
synthetic_train_audio/70711/74ce9e128a6d410f964d45f51e6d3c46.wav,70711
synthetic_train_audio/70711/76bc84c52bc74f8e88db8673722c4e74.wav,70711
synthetic_train_audio/70711/7b30a52523194779b5cbbf9c3bb591f6.wav,70711
synthetic_train_audio/70711/7caaa827da974ed5a2e33ce024a67e25.wav,70711
synthetic_train_audio/70711/8003b70c38b94ebe9d55a477b4b190f6.wav,70711
synthetic_train_audio/70711/804181a651c34ce7b6e6ca05aba2f7cd.wav,70711
synthetic_train_audio/70711/824ee48ac6f4413c9a1fb6e75f672d60.wav,70711
synthetic_train_audio/70711/846712d84d3c4c529c428057d0acebfc.wav,70711
synthetic_train_audio/70711/8739344d088849339f5df894757964a8.wav,70711
synthetic_train_audio/70711/8c37241d098b4aaab95d2a45ab011175.wav,70711
synthetic_train_audio/70711/8d0b933787ed458c84504c4928b278d0.wav,70711
synthetic_train_audio/70711/8e9e5376cb894337b35a8f469412453c.wav,70711
synthetic_train_audio/70711/92b042c9eb5a45ad944f7eca7e587322.wav,70711
synthetic_train_audio/70711/936a3d01d6dc46b682a548e21957ce8c.wav,70711
synthetic_train_audio/70711/96610b1cf297479786a88c8ebda83511.wav,70711
synthetic_train_audio/70711/97f5e4e462bc42cbaa02accdd3bb8220.wav,70711
synthetic_train_audio/70711/9d410bf316414b1e817b6ec48c5677c6.wav,70711
synthetic_train_audio/70711/a0c54dcd09a94fbfb7560530a3e90005.wav,70711
synthetic_train_audio/70711/a0df49a9ca3e47598afe9558da700800.wav,70711
synthetic_train_audio/70711/a5f3a30cc9104fc99ae243fdaa200161.wav,70711
synthetic_train_audio/70711/a70f79fa5a074076ae9aa8d0c23b06bb.wav,70711
synthetic_train_audio/70711/a84d2ff88d754bdb8711786b57aa52bd.wav,70711
synthetic_train_audio/70711/a8c3e315efa543998ad22e986f8d1bf6.wav,70711
synthetic_train_audio/70711/adf67a989c8f407d9289a85805643905.wav,70711
synthetic_train_audio/70711/b387504d2c094035b89647387617d690.wav,70711
synthetic_train_audio/70711/be2de1b1b6f841d5b83dc1278ceb907d.wav,70711
synthetic_train_audio/70711/beb7bf3542af4a5d802a68aea670547f.wav,70711
synthetic_train_audio/70711/c0a83398cc9d4d7a8486001ea41811f0.wav,70711
synthetic_train_audio/70711/c0f8dd30db604cc3bdb609a6a9535473.wav,70711
synthetic_train_audio/70711/c115cafbcc664f3180ff8af4b8660722.wav,70711
synthetic_train_audio/70711/c405bcfc60f14223b4924ce8c90b335d.wav,70711
synthetic_train_audio/70711/c438b3006693495b969ec0fb85ea5684.wav,70711
synthetic_train_audio/70711/c88397956bb84bd59d3b4f8b4fe87a3a.wav,70711
synthetic_train_audio/70711/cb3a4c1781dc4ca58ef8f7c23395b49c.wav,70711
synthetic_train_audio/70711/ce101b5d9ca84dd882a92987a95db992.wav,70711
synthetic_train_audio/70711/ce5a358033c0437f98032a009d3df06d.wav,70711
synthetic_train_audio/70711/cefd77acbb264b30905aabdd594ff9af.wav,70711
synthetic_train_audio/70711/d16e44ba10974826837f72bf54814341.wav,70711
synthetic_train_audio/70711/d1b069e0782c47558db3b0e3a669b515.wav,70711
synthetic_train_audio/70711/d39ddf0ecb904eddb61511e2de9c3fc1.wav,70711
synthetic_train_audio/70711/d87d494e886b4868a280733d18d57362.wav,70711
synthetic_train_audio/70711/d9457cd9a8364f7a853338f8e920137e.wav,70711
synthetic_train_audio/70711/db9724ce9dcb47cc9c423a8782233766.wav,70711
synthetic_train_audio/70711/dc04a384f1b5463bb98e03128eacbc38.wav,70711
synthetic_train_audio/70711/dc5fa19097d84c52bbae4a707d766627.wav,70711
synthetic_train_audio/70711/e19abee53e274d089f4ef29b3d8feab9.wav,70711
synthetic_train_audio/70711/e26f1d33df564f04b7322974f4d387ad.wav,70711
synthetic_train_audio/70711/e452462596db44d58b00be1e448b2bf5.wav,70711
synthetic_train_audio/70711/e71e7421206a485190bb9f7901ca6e02.wav,70711
synthetic_train_audio/70711/ea03cca20ccf45f28eea9a3959bace42.wav,70711
synthetic_train_audio/70711/ec11d8aa0c73481a9bee2ea53d04e932.wav,70711
synthetic_train_audio/70711/f0e682a910a94655bbf7f95041f96996.wav,70711
synthetic_train_audio/70711/f23f2d506306414d8117000239b9d196.wav,70711
synthetic_train_audio/70711/f4c81f8e9d244c8e9c7e120173845a18.wav,70711
synthetic_train_audio/70711/f58563877e3b4ca19758902105a4d1e1.wav,70711
synthetic_train_audio/70711/f6d36384ffb44c32a3e7a22476a9a687.wav,70711
synthetic_train_audio/70711/fd540ace20d3439a8781a0ec789f400f.wav,70711
synthetic_train_audio/70711/fef4deff44a24b9baabb151cda421d5d.wav,70711
synthetic_train_audio/70711/ff930a9c1fdb4a31888f7af6614e687b.wav,70711
synthetic_train_audio/738183/04e68f66ac54439688202f825529141a.wav,738183
synthetic_train_audio/738183/050b4e3cf76c4f2cbac8990fbb35df93.wav,738183
synthetic_train_audio/738183/06551cbf48bd451999b5a7735ecf0d98.wav,738183
synthetic_train_audio/738183/074ad4fd58294d0f90a46abafc8f7b93.wav,738183
synthetic_train_audio/738183/0b115099046d4239882e1939b56f1cd3.wav,738183
synthetic_train_audio/738183/0c3eebf1b0a5498f952033505b658a19.wav,738183
synthetic_train_audio/738183/0d01e78fcd0148aaa18d4b651fa57bed.wav,738183
synthetic_train_audio/738183/0edd48ced13e4728bb4f0031a51febfb.wav,738183
synthetic_train_audio/738183/1060c86ef795400cbc650a61253b8877.wav,738183
synthetic_train_audio/738183/11a4d32e86154ae2973e005f641a0666.wav,738183
synthetic_train_audio/738183/13b0725bef644ad68f50a66504f6e5f4.wav,738183
synthetic_train_audio/738183/14758451e05b4a7795870e2808b767c1.wav,738183
synthetic_train_audio/738183/173a1aedef93468fa682cf46536d5772.wav,738183
synthetic_train_audio/738183/1745fd625759468fb3b2c09748fba226.wav,738183
synthetic_train_audio/738183/1908f2c6aa8c4d649aa0213ad9381bef.wav,738183
synthetic_train_audio/738183/212ff57f1f80416785fa5fd7f3a6a4cc.wav,738183
synthetic_train_audio/738183/2170515ad21948c0882959f68c29be3c.wav,738183
synthetic_train_audio/738183/29957de6368541da925b71f3d124748c.wav,738183
synthetic_train_audio/738183/29d2cd21d2894b9ea465115ec49559f5.wav,738183
synthetic_train_audio/738183/2cdca20101004281a564ec1c17f798bd.wav,738183
synthetic_train_audio/738183/2e0abedc78394ef69f1bc57d70af02a3.wav,738183
synthetic_train_audio/738183/2ec88638686f4e44a937209a170e5444.wav,738183
synthetic_train_audio/738183/2f61786cbba24d00bfa0ea8360919de1.wav,738183
synthetic_train_audio/738183/30d495d0ac794d1d903ab672c25401ce.wav,738183
synthetic_train_audio/738183/38379063a741434aae14cd8db2108e71.wav,738183
synthetic_train_audio/738183/38f4446534b54d939c716e56055e7a40.wav,738183
synthetic_train_audio/738183/394616c045064b34a2fa1a46974b8665.wav,738183
synthetic_train_audio/738183/3c27091b84014f7c91bbf7672bb8bbac.wav,738183
synthetic_train_audio/738183/42128295df7243d384f21c3c2c0b086a.wav,738183
synthetic_train_audio/738183/46e6dd4bc5394601a98269976f78a7be.wav,738183
synthetic_train_audio/738183/495214f0096943649b8abb06b0e3423f.wav,738183
synthetic_train_audio/738183/4a7add592bba4d7abe9b56e8ba148759.wav,738183
synthetic_train_audio/738183/4f13fcf3f0cd44b0b86ce0ac937a70cc.wav,738183
synthetic_train_audio/738183/4f6d3d64f0e240f4a6a0dcd3c508846d.wav,738183
synthetic_train_audio/738183/4f7b05347c824c3c84f79042c0b1c1ea.wav,738183
synthetic_train_audio/738183/5356f10297454f098f1361b9eb25d8b5.wav,738183
synthetic_train_audio/738183/53c67e8a0df740029e7b362a41156481.wav,738183
synthetic_train_audio/738183/5531fd50786844f4933673426163917c.wav,738183
synthetic_train_audio/738183/5689c60aeb084e9482fd0e60cc5524cd.wav,738183
synthetic_train_audio/738183/58654f7af3a24d3fa2ce3ac3fcd835e8.wav,738183
synthetic_train_audio/738183/5a9e7d39f907455e90d87ee524e6f489.wav,738183
synthetic_train_audio/738183/5ac0228187f1412fa5bb2368d60c5868.wav,738183
synthetic_train_audio/738183/5bb4f5424605486cbbeab21dd78a7e40.wav,738183
synthetic_train_audio/738183/5d081d82d92644d4b9a234786d513549.wav,738183
synthetic_train_audio/738183/61221a8a11654569ad5124b46fe524ed.wav,738183
synthetic_train_audio/738183/6be2cea2b1974ea9a4e5ad5842ab94a1.wav,738183
synthetic_train_audio/738183/76b23dd4ba6d460bb11cf63a0e6e1214.wav,738183
synthetic_train_audio/738183/7838344a4eb0487a80e1f78c53f51c0a.wav,738183
synthetic_train_audio/738183/7b1f370435bf43dc865217dfd79c28cc.wav,738183
synthetic_train_audio/738183/7c7665447f2742e6bdf406b494047927.wav,738183
synthetic_train_audio/738183/820d25bcdbbd4ce2acce48f776d435e5.wav,738183
synthetic_train_audio/738183/82d7f56a1e6f468496816f6e3449d206.wav,738183
synthetic_train_audio/738183/836330d4814f4619bc479e15b8d88914.wav,738183
synthetic_train_audio/738183/83f77765a00d4a889abbe1d6b91b85d8.wav,738183
synthetic_train_audio/738183/85086fa6d6a942e8a72ee8c5bfe47c5b.wav,738183
synthetic_train_audio/738183/92891fc2071843d686f0e20500c48c84.wav,738183
synthetic_train_audio/738183/962bb9d13e604dbda42b78f3e33d2850.wav,738183
synthetic_train_audio/738183/9f29b7b02b90485f98080eb32dba8cdc.wav,738183
synthetic_train_audio/738183/a051bff7ff37448fb5cf79367768a4fc.wav,738183
synthetic_train_audio/738183/a1825c01e4ff4c12b70c182ad899aab5.wav,738183
synthetic_train_audio/738183/a3058a2b03fc48d5b16b4e998463230f.wav,738183
synthetic_train_audio/738183/a9afcc07bbbd43faad765eb089c7dec9.wav,738183
synthetic_train_audio/738183/ab587d71f7874705a01eb28e13266942.wav,738183
synthetic_train_audio/738183/ac1ec6637ccb423f8b44923033966ec0.wav,738183
synthetic_train_audio/738183/ac68dc5881f94c10a4b4900de388dbf7.wav,738183
synthetic_train_audio/738183/adcd084e9fc541ebbdda2c4d0f41b4d2.wav,738183
synthetic_train_audio/738183/b051301e59f049499b3e07342fe245e2.wav,738183
synthetic_train_audio/738183/b1428c28be384d5bac7141b0e28f0a94.wav,738183
synthetic_train_audio/738183/b76d5d8543a8400f92af74f3bd435a40.wav,738183
synthetic_train_audio/738183/b9babb5cbbc741b7bad3e3c23758dedb.wav,738183
synthetic_train_audio/738183/ba9dbf2fca954a57836da049845ed9c8.wav,738183
synthetic_train_audio/738183/bd21f14b54b9477183b14e870b6d8dcb.wav,738183
synthetic_train_audio/738183/bd9ac5f0b86e4e458f5690dc38ded1de.wav,738183
synthetic_train_audio/738183/be4c3abac4bc43e7836134508b64a833.wav,738183
synthetic_train_audio/738183/bfc247a02bbb4ffc9782f596bcee3232.wav,738183
synthetic_train_audio/738183/c03a70e0722b439080de7f9107b1b37e.wav,738183
synthetic_train_audio/738183/c04153ba5dac4dd59c52a7e44b0b8cf8.wav,738183
synthetic_train_audio/738183/c0c08c5365ca46b285e0baf0fc1ef2aa.wav,738183
synthetic_train_audio/738183/c505affe51e94f6eb972c41150ccc5cc.wav,738183
synthetic_train_audio/738183/d1e68fa259274158856b7f37296425a0.wav,738183
synthetic_train_audio/738183/d7ce16a631884fb3ba220738dc8300cd.wav,738183
synthetic_train_audio/738183/d9828c814d5546628df96b320152cc20.wav,738183
synthetic_train_audio/738183/db2651a9927546e4b32a4853dde8dbf6.wav,738183
synthetic_train_audio/738183/de043cb170d7479b8d6bd1c5c0b16e0c.wav,738183
synthetic_train_audio/738183/de28669ab5d04598a52db8898d58593e.wav,738183
synthetic_train_audio/738183/e4fcfaba5cdf4098be41d2f3276093e1.wav,738183
synthetic_train_audio/738183/e8e4ce3d9be54d83a6893500b9fe4d3f.wav,738183
synthetic_train_audio/738183/e953284dff2a4e789c670fa4001f4b63.wav,738183
synthetic_train_audio/738183/eb9d6219cd334bfd9b68fe38a25ac135.wav,738183
synthetic_train_audio/738183/f34cd92f25a84eea8db491898f36a4a6.wav,738183
synthetic_train_audio/738183/f3822d84f8444b508e3a3a960986f168.wav,738183
synthetic_train_audio/738183/fc2b838113c7442da3346edeeb797aea.wav,738183
synthetic_train_audio/738183/fde1434690034f379d583af23fa63193.wav,738183
synthetic_train_audio/738183/fe563de016424feb8da861b6403348ff.wav,738183
synthetic_train_audio/738183/fed00f791e47401e90677cc21d2d0265.wav,738183
synthetic_train_audio/738183/ff4c1536909f449aa7b9025591a8e2a8.wav,738183
synthetic_train_audio/74113/02fb062520b0407b848cd4cd9edc2511.wav,74113
synthetic_train_audio/74113/037e01ec16064ac7a55b7daa6de0f3a1.wav,74113
synthetic_train_audio/74113/05d7d088583d42cea19e6ff3e753eaa7.wav,74113
synthetic_train_audio/74113/0814119733824b68a6f13cfd8d25d314.wav,74113
synthetic_train_audio/74113/09a08e21d06f4ceb93c070c5fce0faca.wav,74113
synthetic_train_audio/74113/0b5c228d8fb946988f64486daf78a93e.wav,74113
synthetic_train_audio/74113/0f30f58c433a4fcb8bfe82f6a4093391.wav,74113
synthetic_train_audio/74113/142b632dfd6746ffab2920723b12921d.wav,74113
synthetic_train_audio/74113/147464b059e94bddbe17c6994459861f.wav,74113
synthetic_train_audio/74113/153b47ef89f042c6a7ff2ab8f3b56316.wav,74113
synthetic_train_audio/74113/1b1b591d68324351b71d0be30ecaaa35.wav,74113
synthetic_train_audio/74113/1c3a5e7225484dfb849f85030fb52182.wav,74113
synthetic_train_audio/74113/1fcdc2a988484ef3a640b3c51df7a07a.wav,74113
synthetic_train_audio/74113/20276153b38144a49b03b4ae2febd3dc.wav,74113
synthetic_train_audio/74113/212de0e9e85c4378817490610322fb1b.wav,74113
synthetic_train_audio/74113/27666b282a02451c8d95aac840ecf9e8.wav,74113
synthetic_train_audio/74113/2c9f18b90c4e42ac883018ace9828011.wav,74113
synthetic_train_audio/74113/2e35d4c477ef4321833d03027f7abf7d.wav,74113
synthetic_train_audio/74113/3375820971354cf794780fec42a7d343.wav,74113
synthetic_train_audio/74113/33ee4da4c30c4cb39d6f573d2bea196d.wav,74113
synthetic_train_audio/74113/35d19658d80b406caeac5889a174cdb6.wav,74113
synthetic_train_audio/74113/36cda77d7dc4426babbb6541092d2e50.wav,74113
synthetic_train_audio/74113/39ce793c5d24437e9c696ad9135b7214.wav,74113
synthetic_train_audio/74113/3a533d19b27147e9aebc725ccdb27cd4.wav,74113
synthetic_train_audio/74113/3ee5c2c8cd7544f6b65cd7295ffd68e3.wav,74113
synthetic_train_audio/74113/3ff4f1f14a6c4aab8e2ecb848908b2f2.wav,74113
synthetic_train_audio/74113/403993d111ab49ffac9844f21cd27769.wav,74113
synthetic_train_audio/74113/40eda58d789843979527cad9fb57f391.wav,74113
synthetic_train_audio/74113/441bde1addab4843b3e5de939d863e19.wav,74113
synthetic_train_audio/74113/44bba6f72f9e47d4a760aff028eb296a.wav,74113
synthetic_train_audio/74113/4a29789b391b45488c244a1e71b444f3.wav,74113
synthetic_train_audio/74113/4ce492de96e64108a32842f4ec6bbd7c.wav,74113
synthetic_train_audio/74113/4d8f965258e7413fba5a71edd65cd16f.wav,74113
synthetic_train_audio/74113/53818a8ccf754d6db1cc61307f42f2fd.wav,74113
synthetic_train_audio/74113/5971bb6eefbc44349be8b4c37565f4c5.wav,74113
synthetic_train_audio/74113/5bc7e8b0733443fdba5b25e125f61b02.wav,74113
synthetic_train_audio/74113/5bf4aa28e35a4ad781f951310935a0b9.wav,74113
synthetic_train_audio/74113/5e9782dfd00a4946a2cbe1116cc41f03.wav,74113
synthetic_train_audio/74113/60774919e03f40f59816663bd1301bcd.wav,74113
synthetic_train_audio/74113/642848f9b51b43a4a8d27f4df3041232.wav,74113
synthetic_train_audio/74113/6545ca55861449a5ae8cdc3c0f2044e6.wav,74113
synthetic_train_audio/74113/6c3d01c024304e7a808f89f03c752d70.wav,74113
synthetic_train_audio/74113/75a5eac013504a7c9086378f833c42c6.wav,74113
synthetic_train_audio/74113/75ad3c0d9f014b709a6e51d93e50c3cf.wav,74113
synthetic_train_audio/74113/78c397fda6114c5aa2847dca6a5348ac.wav,74113
synthetic_train_audio/74113/792871d668fd434db269c4cefe42996a.wav,74113
synthetic_train_audio/74113/7f470da4e6684ff18b9157172515f890.wav,74113
synthetic_train_audio/74113/831ac1c92b4240a59b6eb1598f25c0d2.wav,74113
synthetic_train_audio/74113/83b86b24d2264ceeaa8fec35efc30512.wav,74113
synthetic_train_audio/74113/84043b4be7f74ceba8a28619a7b1d92e.wav,74113
synthetic_train_audio/74113/875ab0176199473eb435d9012d616657.wav,74113
synthetic_train_audio/74113/87bf4fe9341c4d3cac109bc50876f1fd.wav,74113
synthetic_train_audio/74113/885ac3f66af740cead6083784a2bc1dd.wav,74113
synthetic_train_audio/74113/8d263607df954f74b5587cb22724bf40.wav,74113
synthetic_train_audio/74113/901ab35f8d7b428eb27e1110089e990c.wav,74113
synthetic_train_audio/74113/9b5b95251b8447408181f8df9253aab8.wav,74113
synthetic_train_audio/74113/9d907de4a90a424da51d77fcef3d430e.wav,74113
synthetic_train_audio/74113/9eb2c24901464e98a151409dc96dc311.wav,74113
synthetic_train_audio/74113/9f779998ae6d403d93d7c302b6048e9f.wav,74113
synthetic_train_audio/74113/a329b35e8e3a44498578090bd7c01fec.wav,74113
synthetic_train_audio/74113/a4d821fc63e242dd94eff4a9776e691f.wav,74113
synthetic_train_audio/74113/a591e57843a44254b90b76a15e271f04.wav,74113
synthetic_train_audio/74113/aa0941710d554841bb0a55a3da6304b9.wav,74113
synthetic_train_audio/74113/ad3a16ec21f34f7896c5a3b53e1b65bc.wav,74113
synthetic_train_audio/74113/ad4ca3b487cc4e719033eb6aba8f2a89.wav,74113
synthetic_train_audio/74113/ae263d767d45433e8ea1de42cd07d054.wav,74113
synthetic_train_audio/74113/afc6307cb4184efaad1be4869713e388.wav,74113
synthetic_train_audio/74113/b2ff476a91db442395bdb39cf483c6d7.wav,74113
synthetic_train_audio/74113/b7818f29518b4dba8065cd762bf25810.wav,74113
synthetic_train_audio/74113/b9285ba0e63d401a816786aca03bf9c9.wav,74113
synthetic_train_audio/74113/bb28a161b04740afa3d07b9f330eaf2c.wav,74113
synthetic_train_audio/74113/bd99f6292c04499da0de63ffbb820bed.wav,74113
synthetic_train_audio/74113/bf66f2d4c9e8479db5b40c5f208b8d1a.wav,74113
synthetic_train_audio/74113/bf8cf8e3bda24c17bbb697d74d7c57f1.wav,74113
synthetic_train_audio/74113/c0048e74db6c4b12a8ea1b21bad10f8c.wav,74113
synthetic_train_audio/74113/c21f5027fec64e0683afcbc60cfd1376.wav,74113
synthetic_train_audio/74113/c8c74da68ec24b9eb0de514e5a474d44.wav,74113
synthetic_train_audio/74113/c8c849b665274d8c998cf9e642071352.wav,74113
synthetic_train_audio/74113/cdc678c68ba346d79d257e78ef3d3618.wav,74113
synthetic_train_audio/74113/d02ff79aecf94f34acddf77753f2035c.wav,74113
synthetic_train_audio/74113/d05b2628e56549b3908edb66c5bdceb3.wav,74113
synthetic_train_audio/74113/d51a1255db9c49e1a029a8ae9ecc9a5c.wav,74113
synthetic_train_audio/74113/d6d504b8fde3447e9ce581bada189d5c.wav,74113
synthetic_train_audio/74113/dbc26fc9dd044e55b20d3ce222ca0384.wav,74113
synthetic_train_audio/74113/dee92f893a3144a5b8d868009edbebc2.wav,74113
synthetic_train_audio/74113/e27fb1df7a524a5a97776fddc2a1913c.wav,74113
synthetic_train_audio/74113/e68e9742a57e471db9190cd33654a74c.wav,74113
synthetic_train_audio/74113/e6c723dfa5b5448d823b5cd726f745c5.wav,74113
synthetic_train_audio/74113/e9d449bb0a8a46e89dcd913479403649.wav,74113
synthetic_train_audio/74113/f578ea9e1e6b459d9040875d79b5fb27.wav,74113
synthetic_train_audio/74113/fc5f5fc2730b4c949ffe12a4e6d34aea.wav,74113
synthetic_train_audio/74113/fff43d814d794d95b61e61c31ade29a5.wav,74113
synthetic_train_audio/74580/0149175ac9aa4e79bb20e4a04ded8397.wav,74580
synthetic_train_audio/74580/017a78d5a4ea4596b8d6a3519186cac8.wav,74580
synthetic_train_audio/74580/06cc4f3dc8f746cd87de5f731275b20e.wav,74580
synthetic_train_audio/74580/0858c4ef15b34ce68d31939813310844.wav,74580
synthetic_train_audio/74580/098bb441a7a540ea994014a3062fdda1.wav,74580
synthetic_train_audio/74580/11bd34a6fef84175ac66a10ca8619761.wav,74580
synthetic_train_audio/74580/181ea24ebca9441992ea1afddede8855.wav,74580
synthetic_train_audio/74580/1a05c9d166b64bb7aeae70569b87149a.wav,74580
synthetic_train_audio/74580/1b2b7e72952e4a8d8b584d0d426e8061.wav,74580
synthetic_train_audio/74580/1b2dd6c301e9425b8b22e7cc70100bc9.wav,74580
synthetic_train_audio/74580/1be18c3a146846f39f1645a7a5d618e6.wav,74580
synthetic_train_audio/74580/1d3c92035df5437491c2af34ea12a6bc.wav,74580
synthetic_train_audio/74580/1dec94edc4de49a69d9e61c48dea6c47.wav,74580
synthetic_train_audio/74580/1fec4c755ca0494fbe3833e6b7d80000.wav,74580
synthetic_train_audio/74580/218c60b1298f4ff5a91805ec58f40e02.wav,74580
synthetic_train_audio/74580/295ea5e0d6704c83b64216b4813468f6.wav,74580
synthetic_train_audio/74580/2a432fe1fdf74a248350cc675791493a.wav,74580
synthetic_train_audio/74580/2b46234eb21c4f79bfb581804d788f2b.wav,74580
synthetic_train_audio/74580/2bc040ec06774be8bdb2b54d38935230.wav,74580
synthetic_train_audio/74580/2f2a4fb7b901454ca5e6af0ef858d46e.wav,74580
synthetic_train_audio/74580/30b5b74571454284bf4764a73d32fa5d.wav,74580
synthetic_train_audio/74580/3476c1419874466eb7bb3b56d2e0222d.wav,74580
synthetic_train_audio/74580/36feab5278654056841dada02ca0138b.wav,74580
synthetic_train_audio/74580/3778d8d17ed24373b80140453bc674f6.wav,74580
synthetic_train_audio/74580/38c3033816b84340b76713b19757eb9e.wav,74580
synthetic_train_audio/74580/3c4f5406e5184309a8fa91f12f92f72b.wav,74580
synthetic_train_audio/74580/3d448cb60daa4289872aab03f3a4ff72.wav,74580
synthetic_train_audio/74580/3d569b46fd3e4405a2b79c8893ff062f.wav,74580
synthetic_train_audio/74580/41a4fff6db3f46cdb0f6e8a1f2467812.wav,74580
synthetic_train_audio/74580/4244251efa4d4f51b294272f9ee17fdd.wav,74580
synthetic_train_audio/74580/48e2553cb3d34e8ea7a8221dc83ed153.wav,74580
synthetic_train_audio/74580/48ed0baad4cc48aca6af7207c09c0fa6.wav,74580
synthetic_train_audio/74580/49b0461451be40aab5febb7ca06bc35d.wav,74580
synthetic_train_audio/74580/49fea8b1740944f4a6fe32796087b323.wav,74580
synthetic_train_audio/74580/4a1edf4534e44aed85e9e7c5de32095c.wav,74580
synthetic_train_audio/74580/563ce50669be4e98a2b0ac281fd40a50.wav,74580
synthetic_train_audio/74580/56561bd7fda84014845094f44a6ec919.wav,74580
synthetic_train_audio/74580/57ac359a2d0144f08e8baaa7f33fb397.wav,74580
synthetic_train_audio/74580/5a2a3b84448c41608001f8d50d44daa9.wav,74580
synthetic_train_audio/74580/5bd9ee29aaab42af88a6ab70a0b16088.wav,74580
synthetic_train_audio/74580/5d26041eb73448b18e1fd9647a315033.wav,74580
synthetic_train_audio/74580/5eabe7cbe47746da99861ad8e061d26f.wav,74580
synthetic_train_audio/74580/624db1bb4fd24fbea8f3869d93b8124a.wav,74580
synthetic_train_audio/74580/627a3a5160e64f38b20f61743bf66fae.wav,74580
synthetic_train_audio/74580/6714a575dda5457884e61b0da4cf0574.wav,74580
synthetic_train_audio/74580/68c79972508848cd8a2fc45e3eaee19a.wav,74580
synthetic_train_audio/74580/69abed6c54ac4fdd8adaaacf87a99bf2.wav,74580
synthetic_train_audio/74580/77e1b78e06404b0091336aa9d6b873e0.wav,74580
synthetic_train_audio/74580/78dd32ff105041f882cb2f48b759394b.wav,74580
synthetic_train_audio/74580/79460c9ffb4443ebb354e5c3bacbaa06.wav,74580
synthetic_train_audio/74580/7a00f33d022b4b78961826cb97c7428e.wav,74580
synthetic_train_audio/74580/7a44aeeb2e494dc6bd33af44c0084667.wav,74580
synthetic_train_audio/74580/7b74b24a940f4abbb787a989fab6445e.wav,74580
synthetic_train_audio/74580/7bd9e3f9b2ae4cecaf84bc2d8c405e9a.wav,74580
synthetic_train_audio/74580/811bf03f5c034a799ce47eaa3dff7f76.wav,74580
synthetic_train_audio/74580/840d941e9be04352a2c80f454002a040.wav,74580
synthetic_train_audio/74580/8670546d9fe1405a818f0a97f6f94ff0.wav,74580
synthetic_train_audio/74580/8934dafd71994905906d5f2e4daf34ee.wav,74580
synthetic_train_audio/74580/8be1c3e12470417e923e804000269679.wav,74580
synthetic_train_audio/74580/8e66de8853b64c89821226856e6b9837.wav,74580
synthetic_train_audio/74580/8ef01b0a167b4f7fa068337ed0cb6a5b.wav,74580
synthetic_train_audio/74580/8fc52fb2247549e5bda97a3cead176dc.wav,74580
synthetic_train_audio/74580/905f8be1d4b242b69451f93ea6858ce1.wav,74580
synthetic_train_audio/74580/99f3affe891c4664bc0ae53c75d4ac10.wav,74580
synthetic_train_audio/74580/9f7c07b7dfa24efe866b66049a1e2d1a.wav,74580
synthetic_train_audio/74580/a32ecbed1d734784aa7b4e1de30c2c3e.wav,74580
synthetic_train_audio/74580/a5547df78cc840a2ae18658f34ca8fcd.wav,74580
synthetic_train_audio/74580/a68f40704cec4b729782b05258fea0b3.wav,74580
synthetic_train_audio/74580/ada172cb3bb14888be15f2bcdb72adac.wav,74580
synthetic_train_audio/74580/aefa09cea43b4b76b7e910a807b0d225.wav,74580
synthetic_train_audio/74580/b1cbddcc0cd04926966cb09658bb9eaa.wav,74580
synthetic_train_audio/74580/bb2eccf2207e461bb3ce2d3f326769ab.wav,74580
synthetic_train_audio/74580/bff1c8607034415395eca085f16e676e.wav,74580
synthetic_train_audio/74580/c2f443afcd86435bb658e6890543dbba.wav,74580
synthetic_train_audio/74580/c35ff87c7f8c40329eaa58ace4253bd9.wav,74580
synthetic_train_audio/74580/c3f7c2bd2b1a4c5baf0b5fe68fbdab42.wav,74580
synthetic_train_audio/74580/c4c9bebaf75f49ef8fa9282a154c8046.wav,74580
synthetic_train_audio/74580/c6c955456c8d4e93a6c74d9a83dc7bb4.wav,74580
synthetic_train_audio/74580/c823c55697f24031b35dc031367bc19c.wav,74580
synthetic_train_audio/74580/cf7291830dfc4a8cb85a9c7ef8c5b8d4.wav,74580
synthetic_train_audio/74580/d21ac34c671144ad81a7df34d9e4724c.wav,74580
synthetic_train_audio/74580/d279d8d2d6a44dfdad7fe28c6ee61c51.wav,74580
synthetic_train_audio/74580/d3c961b2bfaa4644a794d379f0da48fc.wav,74580
synthetic_train_audio/74580/d3ceaaa673d4442ea892d109836b1630.wav,74580
synthetic_train_audio/74580/d4443475b26c4a33884737bad63eec08.wav,74580
synthetic_train_audio/74580/d91a4c29ce2b4cc6a820754ccc27f302.wav,74580
synthetic_train_audio/74580/d97a513a089f4901a6344f437723455f.wav,74580
synthetic_train_audio/74580/df14717e7d87458ebf0eac24e94da560.wav,74580
synthetic_train_audio/74580/e03ab511e80849b9bee7b6d1aa361e21.wav,74580
synthetic_train_audio/74580/e2264cb4fec14fbd84690a0f02e606cf.wav,74580
synthetic_train_audio/74580/e8bc6f9927f0466e85bba14050a419d0.wav,74580
synthetic_train_audio/74580/efae894ee6ff45658a520d55dab0cb3c.wav,74580
synthetic_train_audio/74580/f4a3f7d127b341ed8127f3abbb371785.wav,74580
synthetic_train_audio/74580/f8d9569b96934b93a6a01ab2a17b36d9.wav,74580
synthetic_train_audio/74580/f9a013f7b20e4b558cb2b93683c680c9.wav,74580
synthetic_train_audio/74580/fa1a8869a62d41c781fd49287d26ced7.wav,74580
synthetic_train_audio/74580/fb364a11eb6f440d95c1903d7a2f8608.wav,74580
synthetic_train_audio/74580/fbfc48ef90a34433888cd31ad039bf29.wav,74580
synthetic_train_audio/760266/04db5f22a4e148988e9e5e7b68ab9b65.wav,760266
synthetic_train_audio/760266/062f79a736894d388c596b8431e83aec.wav,760266
synthetic_train_audio/760266/0d3eb7e2670d441689018496af7831cc.wav,760266
synthetic_train_audio/760266/12a853a90d6345caaed3f869bf2a9fba.wav,760266
synthetic_train_audio/760266/12aac84412144903a123dfdeee962cec.wav,760266
synthetic_train_audio/760266/147f4a02d5b94e668412962e35d88865.wav,760266
synthetic_train_audio/760266/18d7e1766f9a4da1920d56e70df6c737.wav,760266
synthetic_train_audio/760266/1c783f88b7df43d1a129b2627c0808cc.wav,760266
synthetic_train_audio/760266/1f775bc9095841c785081994288f6091.wav,760266
synthetic_train_audio/760266/27197da311354a558a7ad9ae6d9d5dcd.wav,760266
synthetic_train_audio/760266/29196d6e83074710907137c36b23ee2d.wav,760266
synthetic_train_audio/760266/2bf36692c97c4a2ab31b1dd9119f3517.wav,760266
synthetic_train_audio/760266/2c38dce4cd8c4564b509b13819809eb5.wav,760266
synthetic_train_audio/760266/309563872b59430096a07c9d3e79242c.wav,760266
synthetic_train_audio/760266/35866d74249445f08841acf25f8af3a4.wav,760266
synthetic_train_audio/760266/3970094d47084ac0aaa8f4390a0880bc.wav,760266
synthetic_train_audio/760266/3e86f052a1794b98b56b3f503bc3674d.wav,760266
synthetic_train_audio/760266/40eb205c4274408fa9bed51398618301.wav,760266
synthetic_train_audio/760266/4d51800271774c94a08ca5f3278c6a41.wav,760266
synthetic_train_audio/760266/4e6ee78c0b0a4b07a59b455e8aab87c1.wav,760266
synthetic_train_audio/760266/50beda6f3aca41b08f70e36d4236e634.wav,760266
synthetic_train_audio/760266/57e2db1541a54311ac1afbde34fabff6.wav,760266
synthetic_train_audio/760266/5abcc8665bad476d8f2a8a30caadf08d.wav,760266
synthetic_train_audio/760266/5e77df2ca6ba48bb92420b039774068d.wav,760266
synthetic_train_audio/760266/609edcbcf11e4cb6a55114c4167e88f6.wav,760266
synthetic_train_audio/760266/6305e2033ab9422d9d65b4db3f12e685.wav,760266
synthetic_train_audio/760266/6550975462234c61a210f1c2a760668b.wav,760266
synthetic_train_audio/760266/66206d836dc748e7a4ebf575e33ed673.wav,760266
synthetic_train_audio/760266/662d6e467b70433abcbddb655636bf40.wav,760266
synthetic_train_audio/760266/6d7047a0dd0d47d582796f65bc533d30.wav,760266
synthetic_train_audio/760266/7006ae587ba74c1f88b5f6ed03db74b0.wav,760266
synthetic_train_audio/760266/71b558a567564ab5bfafd5a67c5de552.wav,760266
synthetic_train_audio/760266/771e017fe67b48568ef6beeb12184140.wav,760266
synthetic_train_audio/760266/781cb1d916424b19a71faa931188a9fb.wav,760266
synthetic_train_audio/760266/7ac6f478ef2044a5b60b8c70ab9e0e31.wav,760266
synthetic_train_audio/760266/7b5a3fabe5d34faead00ae74d9a79e7e.wav,760266
synthetic_train_audio/760266/7c89d3ccea59429b9f2c3e47f6783285.wav,760266
synthetic_train_audio/760266/7d37237e11cd4cb0b4a148a5f51f31c9.wav,760266
synthetic_train_audio/760266/7e54a2bbf6884a26954bd0ef51852389.wav,760266
synthetic_train_audio/760266/7eac62b57f924660a8ced69c35a58a87.wav,760266
synthetic_train_audio/760266/7fb8ad9258374fe69b98f4f32cd6105b.wav,760266
synthetic_train_audio/760266/8053c9a1d4dd4ab6943c870e75b0c7c1.wav,760266
synthetic_train_audio/760266/82fd8d85a3b7434aa0847269acf74dd3.wav,760266
synthetic_train_audio/760266/8352414aded3464c9495d9ed4bd26e0b.wav,760266
synthetic_train_audio/760266/85e8a9392d3242d29c3dd90fc2cb3228.wav,760266
synthetic_train_audio/760266/898a285bfe5a4a56a4b44e13936316f1.wav,760266
synthetic_train_audio/760266/8ee1bf0e41e14a7f84237359e0286a27.wav,760266
synthetic_train_audio/760266/941439e3c9fa4d20bc3688828fcd508d.wav,760266
synthetic_train_audio/760266/97380fd1e13d46479293114a2eb16080.wav,760266
synthetic_train_audio/760266/993f59bbf05944b2bd95e73536d246e7.wav,760266
synthetic_train_audio/760266/9962c642cce0423580037441f44b1b81.wav,760266
synthetic_train_audio/760266/9bcd602abf124c938e99d9fb1b4e0513.wav,760266
synthetic_train_audio/760266/9f4d6505f61446218726b9440de24c03.wav,760266
synthetic_train_audio/760266/a0a6c2f79fcc4b9fbbba046b4ddb14c0.wav,760266
synthetic_train_audio/760266/a4139187d8a848888c440e83f19cfd2c.wav,760266
synthetic_train_audio/760266/a492945b20254ac3b3293fa1c6299689.wav,760266
synthetic_train_audio/760266/a49aa5d8b46c46daa9c69df4e246fc28.wav,760266
synthetic_train_audio/760266/a8984512db8f43d2b7744658caa398b6.wav,760266
synthetic_train_audio/760266/a95d31f8474e4a3382ce4c514ca9fc9f.wav,760266
synthetic_train_audio/760266/ab5c07418b35425191981fbcb2943c35.wav,760266
synthetic_train_audio/760266/af2452c979354cc093e2bee722de9a7d.wav,760266
synthetic_train_audio/760266/b30327669a4943a9a471dadfae6b1021.wav,760266
synthetic_train_audio/760266/b4d8af463a4d4aa8ab10483fafb353cf.wav,760266
synthetic_train_audio/760266/bbc1236f58714f92986cf9410bdd5e69.wav,760266
synthetic_train_audio/760266/bbe84b3a2e3b42c2a5761de155ca0001.wav,760266
synthetic_train_audio/760266/bc1807337eb04155a7a4e9306a0e13c6.wav,760266
synthetic_train_audio/760266/bd8b9461787e48d0882920f84ef170c6.wav,760266
synthetic_train_audio/760266/c0c560647598413cb4e6d8be2a86e926.wav,760266
synthetic_train_audio/760266/c0e379a3833346bd9e1735cad17104ce.wav,760266
synthetic_train_audio/760266/c3be631ca2214f61ab3120ae2c2a25e9.wav,760266
synthetic_train_audio/760266/c418f49d6eee421ea707961970e1d2a5.wav,760266
synthetic_train_audio/760266/ce6252a0db9343b6a6da9c7412007b3b.wav,760266
synthetic_train_audio/760266/d42947996ba74891b7495938f45355e1.wav,760266
synthetic_train_audio/760266/d4a7a60890ec4acaa43c963a6a575325.wav,760266
synthetic_train_audio/760266/d7e527a4b03040b9aa567d1d3eebefc8.wav,760266
synthetic_train_audio/760266/d8721b4b19da43299cd1546b05e612a2.wav,760266
synthetic_train_audio/760266/e178f5c87d7e4a988bab5ed6a59399a7.wav,760266
synthetic_train_audio/760266/e18217d8eed8400f9cfc20a6df038c3d.wav,760266
synthetic_train_audio/760266/e384e866b3864b97b7dc22ad981b5c5d.wav,760266
synthetic_train_audio/760266/e39e9401ba5f4121b79b8d8e400d186e.wav,760266
synthetic_train_audio/760266/e3a5465b32444f66979fa8f9f519b166.wav,760266
synthetic_train_audio/760266/e466e980581c4baab5c50d9a6604cb1e.wav,760266
synthetic_train_audio/760266/e95e8e47ffbd41e4a4d2c1f8c99219a3.wav,760266
synthetic_train_audio/760266/ecf155b3475149d5a2005893bbe5ed6e.wav,760266
synthetic_train_audio/760266/ed08603ca6c14e558d1566328718ad35.wav,760266
synthetic_train_audio/760266/ed8ae03f43414f61bddeeb585db133fe.wav,760266
synthetic_train_audio/760266/edcf652877304c57a518d0fcda1844b3.wav,760266
synthetic_train_audio/760266/f14547606a484821a5363de191b79f6d.wav,760266
synthetic_train_audio/760266/f2bdc10d60ca4b1e994c88ca39282523.wav,760266
synthetic_train_audio/760266/f6efe4736a0b4f4db8dbba396fab7627.wav,760266
synthetic_train_audio/760266/f6f49a6b39704e0abdda7dc13b2486f2.wav,760266
synthetic_train_audio/760266/f71945e5e6774a12b810b1ec7f52f928.wav,760266
synthetic_train_audio/760266/fe8c8793afce41c5903f4a417b36f6c2.wav,760266
synthetic_train_audio/760266/fff21df9c623429aad8cfef5c073f64f.wav,760266
synthetic_train_audio/ashgre1/10e9936d49784fd6a39d58fafe24a4b9.wav,ashgre1
synthetic_train_audio/ashgre1/50745023905a42bab6ff38bc5a764776.wav,ashgre1
synthetic_train_audio/ashgre1/8cac7e504a8049778e290904fe399f27.wav,ashgre1
synthetic_train_audio/bafcur1/c99b20cf873148ffb8cbdc2c3cec13f4.wav,bafcur1
